Distance,Floodplain,HomeTenure,Education345,CurMarketValue,After,Price100,Price75,Price90,Price110,Price125,Accept
162.7535,1,1,1,650000,0,1,0,0,0,0,No
108.26378,1,14,0,30000,0,1,0,0,0,0,No
4.54955,1,19,1,50000,0,1,0,0,0,0,No
81.281,1,37,1,78000,0,1,0,0,0,0,Yes
183.21342,1,9,1,127300,0,1,0,0,0,0,No
32.05281,1,57,0,35000,0,1,0,0,0,0,Yes
114.48239,1,11,0,400000,0,1,0,0,0,0,No
31.44818,1,65,0,80000,0,1,0,0,0,0,No
175.42313,1,1,1,360000,0,1,0,0,0,0,No
174.33947,1,25,1,300000,0,1,0,0,0,0,No
6.74565,1,59,0,135000,0,1,0,0,0,0,No
22.24004,1,1,1,165000,0,1,0,0,0,0,No
29.80762,1,29,0,185000,0,1,0,0,0,0,No
78.72605,1,13,1,210000,0,1,0,0,0,0,Yes
193.65407,1,12,1,330000,0,1,0,0,0,0,No
42.79774,1,32,1,200000,0,1,0,0,0,0,No
178.90602,1,13,1,850000,0,1,0,0,0,0,No
175.2729,1,8,0,280000,0,1,0,0,0,0,Yes
169.24159,1,3,1,145000,0,1,0,0,0,0,Yes
171.11156,1,4,1,265000,0,1,0,0,0,0,Yes
1.53076,0,4,0,290000,0,1,0,0,0,0,No
184.78892,1,5,1,220000,0,1,0,0,0,0,No
158.37673,1,10,0,110000,0,1,0,0,0,0,No
9.65097,1,41,1,200000,0,1,0,0,0,0,No
171.44901,1,1,1,117500,0,1,0,0,0,0,No
155.42999,1,2,1,300000,0,1,0,0,0,0,No
0.95394,0,4,1,350000,0,1,0,0,0,0,Yes
69.60698,1,3,1,210000,0,1,0,0,0,0,Yes
192.81274,1,19,1,367000,0,1,0,0,0,0,No
42.86915,0,25,0,154554,0,1,0,0,0,0,No
21.24494,1,10,0,150000,0,1,0,0,0,0,Yes
159.75208,1,2,1,500000,0,1,0,0,0,0,Yes
51.96573,1,16,0,98000,0,1,0,0,0,0,No
27.0116,1,6,0,120000,0,1,0,0,0,0,Yes
52.54593,1,21,1,175000,0,1,0,0,0,0,No
173.80569,1,46,0,250000,0,1,0,0,0,0,No
196.40879,1,2,1,1170000,0,1,0,0,0,0,Yes
138.6538,1,41,1,86500,0,1,0,0,0,0,Yes
109.59635,1,14,0,95000,0,1,0,0,0,0,No
182.72991,1,5,1,200000,0,1,0,0,0,0,Yes
163.85581,1,11,1,225000,0,1,0,0,0,0,No
90.10138,1,5,1,125000,0,1,0,0,0,0,No
18.68684,1,28,0,10000,0,1,0,0,0,0,No
2.54248,1,16,1,420000,0,1,0,0,0,0,No
188.31108,1,18,1,670000,0,1,0,0,0,0,Yes
181.87235,1,10,1,800000,0,1,0,0,0,0,Yes
25.5457,1,23,1,129000,0,1,0,0,0,0,Yes
2.90094,1,26,1,225000,0,1,0,0,0,0,Yes
154.44461,1,1,1,200000,0,1,0,0,0,0,Yes
167.62567,1,1,0,425000,0,1,0,0,0,0,No
155.42812,1,17,1,275000,0,1,0,0,0,0,No
186.82769,1,3,1,290000,0,1,0,0,0,0,Yes
2.49798,1,23,1,535000,0,1,0,0,0,0,Yes
6.22648,1,11,0,300000,0,1,0,0,0,0,No
110.67694,1,17,0,200000,0,1,0,0,0,0,No
12.07554,1,11,1,400000,0,1,0,0,0,0,No
179.86711,1,19,0,180000,0,1,0,0,0,0,Yes
33.14391,1,17,0,159000,0,1,0,0,0,0,Yes
128.72564,1,8,1,235000,0,1,0,0,0,0,Yes
176.39989,1,2,0,176183,0,1,0,0,0,0,Yes
161.62693,1,1,1,200000,0,1,0,0,0,0,No
8.50406,0,1,1,310000,0,1,0,0,0,0,Yes
35.92738,0,14,0,335000,0,1,0,0,0,0,No
121.33529,1,3,1,250000,0,1,0,0,0,0,Yes
157.24156,1,1,1,280000,0,1,0,0,0,0,No
46.12151,1,6,0,43147,0,1,0,0,0,0,Yes
3.78626,0,48,1,160000,0,1,0,0,0,0,No
20.78305,0,32,1,200000,0,1,0,0,0,0,Yes
6.32541,1,58,1,256000,0,1,0,0,0,0,No
39.40381,1,18,0,145000,0,1,0,0,0,0,Yes
149.17033,1,16,0,75000,0,1,0,0,0,0,Yes
21.47428,1,22,1,649000,0,1,0,0,0,0,No
116.07251,1,4,1,210000,0,1,0,0,0,0,Yes
7.31863,1,21,0,120000,0,1,0,0,0,0,Yes
162.17798,1,55,0,150000,0,1,0,0,0,0,No
103.61251,1,15,0,229000,0,1,0,0,0,0,Yes
180.54318,1,10,1,450000,0,1,0,0,0,0,No
0.57573,0,9,0,400000,0,1,0,0,0,0,Yes
25.32498,1,13,0,75000,0,1,0,0,0,0,Yes
106.67094,1,3,0,90000,0,1,0,0,0,0,No
109.42997,1,8,1,180000,0,1,0,0,0,0,Yes
181.22221,1,15,0,280000,0,1,0,0,0,0,No
180.30475,1,0,1,275000,0,1,0,0,0,0,Yes
19.16138,0,6,1,125000,0,1,0,0,0,0,No
181.17146,1,26,1,380000,0,1,0,0,0,0,Yes
154.64695,1,4,1,535000,0,1,0,0,0,0,No
175.26398,1,27,1,420000,0,1,0,0,0,0,No
95.53542,1,41,0,69559,0,1,0,0,0,0,No
32.25279,1,18,0,145000,0,1,0,0,0,0,Yes
7.61006,1,13,0,132000,0,1,0,0,0,0,No
26.55497,1,10,1,250000,0,1,0,0,0,0,No
130.80848,1,34,0,160000,0,1,0,0,0,0,Yes
166.59364,1,4,0,190000,0,1,0,0,0,0,No
57.84356,1,42,0,130000,0,1,0,0,0,0,No
180.81185,1,8,1,170000,0,1,0,0,0,0,Yes
163.52518,1,11,1,330000,0,1,0,0,0,0,No
183.21493,1,10,1,205000,0,1,0,0,0,0,No
135.24821,1,23,0,115000,0,1,0,0,0,0,No
180.30051,1,19,1,430000,0,1,0,0,0,0,Yes
181.79696,1,29,1,210000,0,1,0,0,0,0,No
172.26098,1,4,1,290000,0,1,0,0,0,0,Yes
181.43014,1,15,1,400000,0,1,0,0,0,0,No
123.80673,1,5,0,50000,0,1,0,0,0,0,No
71.29803,1,7,1,270000,0,1,0,0,0,0,No
89.54827,1,21,0,175000,0,1,0,0,0,0,Yes
182.24973,1,22,0,220000,0,1,0,0,0,0,No
164.22683,1,4,1,250000,0,1,0,0,0,0,Yes
4.5882,0,1,1,300000,0,1,0,0,0,0,Yes
7.42772,1,4,0,140000,0,1,0,0,0,0,Yes
21.99738,1,31,1,40000000,0,1,0,0,0,0,Yes
169.64788,1,1,1,350000,0,1,0,0,0,0,No
163.89524,1,1,1,400000,0,1,0,0,0,0,No
8.74694,1,30,0,63000,0,1,0,0,0,0,Yes
170.17311,1,12,1,240000,0,1,0,0,0,0,No
38.51884,1,8,0,105900,0,1,0,0,0,0,Yes
169.06093,1,2,1,380000,0,1,0,0,0,0,No
18.38126,1,32,0,56000,0,1,0,0,0,0,Yes
174.13331,1,49,1,350000,0,1,0,0,0,0,No
172.54139,1,16,1,350000,0,1,0,0,0,0,Yes
178.70241,1,23,0,255000,0,1,0,0,0,0,No
166.27125,1,12,1,325000,0,1,0,0,0,0,No
3.43172,1,37,1,150000,0,1,0,0,0,0,Yes
85.55357,1,67,0,180000,0,1,0,0,0,0,No
75.37008,1,3,1,300000,0,1,0,0,0,0,No
44.80971,0,12,1,350000,0,1,0,0,0,0,No
72.54138,0,27,0,50000,0,1,0,0,0,0,No
5.67669,1,5,1,230000,0,1,0,0,0,0,Yes
7.91217,1,12,0,475000,0,1,0,0,0,0,No
6.25782,1,2,1,550000,0,1,0,0,0,0,No
175.99514,1,6,1,500000,0,1,0,0,0,0,No
4.97165,1,22,0,180000,0,1,0,0,0,0,Yes
164.25406,1,12,1,260000,0,1,0,0,0,0,No
5.29262,1,9,0,115000,0,1,0,0,0,0,Yes
179.2601,1,34,1,175000,0,1,0,0,0,0,Yes
189.45816,1,43,0,125000,0,1,0,0,0,0,No
43.4657,1,11,1,1600000,0,1,0,0,0,0,No
175.63596,1,2,1,850000,0,1,0,0,0,0,Yes
190.80767,1,22,1,475000,0,1,0,0,0,0,No
181.62326,1,18,0,300000,0,1,0,0,0,0,No
174.7052,1,8,1,98000,0,1,0,0,0,0,No
102.11848,1,16,1,210000,0,1,0,0,0,0,Yes
184.15764,1,4,1,325000,0,1,0,0,0,0,Yes
166.21007,1,5,1,135000,0,1,0,0,0,0,Yes
132.22131,1,4,0,140000,0,1,0,0,0,0,No
70.44687,1,26,0,149500,0,1,0,0,0,0,No
4.27901,1,7,1,345000,0,1,0,0,0,0,Yes
158.56985,1,10,1,200000,0,1,0,0,0,0,Yes
172.04023,1,22,0,120000,0,1,0,0,0,0,No
171.80177,1,2,1,518734,0,1,0,0,0,0,Yes
168.40337,1,5,0,200000,0,1,0,0,0,0,Yes
50.83812,1,3,0,225000,0,1,0,0,0,0,Yes
90.12112,1,12,0,325000,0,1,0,0,0,0,Yes
182.69491,1,7,1,550000,0,1,0,0,0,0,No
2.11689,1,6,0,360000,0,1,0,0,0,0,Yes
36.50932,1,36,1,180000,0,1,0,0,0,0,Yes
181.2311,1,10,1,310000,0,1,0,0,0,0,No
95.19864,1,7,1,300000,0,1,0,0,0,0,No
151.11732,1,26,0,76500,0,1,0,0,0,0,Yes
14.86679,1,6,1,124500,0,1,0,0,0,0,Yes
43.62949,1,9,1,350000,0,1,0,0,0,0,No
161.66765,1,6,1,190000,0,1,0,0,0,0,Yes
39.33463,1,24,0,80000,0,1,0,0,0,0,No
4.82861,1,7,1,200000,0,1,0,0,0,0,Yes
118.7018,1,14,1,220000,0,1,0,0,0,0,Yes
135.28254,0,14,0,90000,0,1,0,0,0,0,Yes
134.47442,1,3,1,300000,0,1,0,0,0,0,Yes
162.7535,1,1,1,650000,1,0,0,0,0,0,No
108.26378,1,14,0,30000,1,0,0,0,0,0,No
4.54955,1,19,1,50000,1,0,0,0,0,0,No
81.281,1,37,1,78000,1,0,0,0,0,0,Yes
183.21342,1,9,1,127300,1,0,0,0,0,0,No
32.05281,1,57,0,35000,1,0,0,0,0,0,Yes
114.48239,1,11,0,400000,1,0,0,0,0,0,Yes
31.44818,1,65,0,80000,1,0,0,0,0,0,No
175.42313,1,1,1,360000,1,0,0,0,0,0,No
174.33947,1,25,1,300000,1,0,0,0,0,0,No
22.24004,1,1,1,165000,1,0,0,0,0,0,Yes
29.80762,1,29,0,185000,1,0,0,0,0,0,No
78.72605,1,13,1,210000,1,0,0,0,0,0,Yes
193.65407,1,12,1,330000,1,0,0,0,0,0,Yes
42.79774,1,32,1,200000,1,0,0,0,0,0,Yes
178.90602,1,13,1,850000,1,0,0,0,0,0,Yes
175.2729,1,8,0,280000,1,0,0,0,0,0,Yes
169.24159,1,3,1,145000,1,0,0,0,0,0,Yes
171.11156,1,4,1,265000,1,0,0,0,0,0,Yes
1.53076,0,4,0,290000,1,0,0,0,0,0,Yes
184.78892,1,5,1,220000,1,0,0,0,0,0,Yes
158.37673,1,10,0,110000,1,0,0,0,0,0,No
171.44901,1,1,1,117500,1,0,0,0,0,0,Yes
155.42999,1,2,1,300000,1,0,0,0,0,0,Yes
0.95394,0,4,1,350000,1,0,0,0,0,0,Yes
69.60698,1,3,1,210000,1,0,0,0,0,0,Yes
192.81274,1,19,1,367000,1,0,0,0,0,0,No
42.86915,0,25,0,154554,1,0,0,0,0,0,No
21.24494,1,10,0,150000,1,0,0,0,0,0,Yes
159.75208,1,2,1,500000,1,0,0,0,0,0,Yes
51.96573,1,16,0,98000,1,0,0,0,0,0,Yes
27.0116,1,6,0,120000,1,0,0,0,0,0,Yes
52.54593,1,21,1,175000,1,0,0,0,0,0,No
173.80569,1,46,0,250000,1,0,0,0,0,0,No
196.40879,1,2,1,1170000,1,0,0,0,0,0,Yes
138.6538,1,41,1,86500,1,0,0,0,0,0,Yes
109.59635,1,14,0,95000,1,0,0,0,0,0,Yes
182.72991,1,5,1,200000,1,0,0,0,0,0,No
163.85581,1,11,1,225000,1,0,0,0,0,0,Yes
90.10138,1,5,1,125000,1,0,0,0,0,0,No
18.68684,1,28,0,10000,1,0,0,0,0,0,No
2.54248,1,16,1,420000,1,0,0,0,0,0,Yes
188.31108,1,18,1,670000,1,0,0,0,0,0,Yes
128.54097,1,3,0,240000,1,0,0,0,0,0,Yes
181.87235,1,10,1,800000,1,0,0,0,0,0,Yes
25.5457,1,23,1,129000,1,0,0,0,0,0,Yes
2.90094,1,26,1,225000,1,0,0,0,0,0,Yes
154.44461,1,1,1,200000,1,0,0,0,0,0,Yes
167.62567,1,1,0,425000,1,0,0,0,0,0,No
171.67754,1,21,1,400000,1,0,0,0,0,0,Yes
155.42812,1,17,1,275000,1,0,0,0,0,0,Yes
186.82769,1,3,1,290000,1,0,0,0,0,0,Yes
2.49798,1,23,1,535000,1,0,0,0,0,0,Yes
6.22648,1,11,0,300000,1,0,0,0,0,0,Yes
110.67694,1,17,0,200000,1,0,0,0,0,0,No
12.07554,1,11,1,400000,1,0,0,0,0,0,No
179.86711,1,19,0,180000,1,0,0,0,0,0,Yes
33.14391,1,17,0,159000,1,0,0,0,0,0,Yes
128.72564,1,8,1,235000,1,0,0,0,0,0,Yes
176.39989,1,2,0,176183,1,0,0,0,0,0,Yes
161.62693,1,1,1,200000,1,0,0,0,0,0,No
8.50406,0,1,1,310000,1,0,0,0,0,0,Yes
35.92738,0,14,0,335000,1,0,0,0,0,0,No
121.33529,1,3,1,250000,1,0,0,0,0,0,Yes
157.24156,1,1,1,280000,1,0,0,0,0,0,No
46.12151,1,6,0,43147,1,0,0,0,0,0,Yes
3.78626,0,48,1,160000,1,0,0,0,0,0,Yes
20.78305,0,32,1,200000,1,0,0,0,0,0,Yes
6.32541,1,58,1,256000,1,0,0,0,0,0,Yes
39.40381,1,18,0,145000,1,0,0,0,0,0,Yes
149.17033,1,16,0,75000,1,0,0,0,0,0,Yes
21.47428,1,22,1,649000,1,0,0,0,0,0,Yes
116.07251,1,4,1,210000,1,0,0,0,0,0,Yes
7.31863,1,21,0,120000,1,0,0,0,0,0,Yes
162.17798,1,55,0,150000,1,0,0,0,0,0,No
103.61251,1,15,0,229000,1,0,0,0,0,0,Yes
180.54318,1,10,1,450000,1,0,0,0,0,0,No
121.84306,1,10,1,140000,1,0,0,0,0,0,Yes
0.57573,0,9,0,400000,1,0,0,0,0,0,Yes
25.32498,1,13,0,75000,1,0,0,0,0,0,Yes
106.67094,1,3,0,90000,1,0,0,0,0,0,Yes
109.42997,1,8,1,180000,1,0,0,0,0,0,Yes
181.22221,1,15,0,280000,1,0,0,0,0,0,Yes
180.30475,1,0,1,275000,1,0,0,0,0,0,Yes
19.16138,0,6,1,125000,1,0,0,0,0,0,Yes
181.17146,1,26,1,380000,1,0,0,0,0,0,Yes
154.64695,1,4,1,535000,1,0,0,0,0,0,No
175.26398,1,27,1,420000,1,0,0,0,0,0,Yes
95.53542,1,41,0,69559,1,0,0,0,0,0,No
32.25279,1,18,0,145000,1,0,0,0,0,0,Yes
7.61006,1,13,0,132000,1,0,0,0,0,0,Yes
26.55497,1,10,1,250000,1,0,0,0,0,0,Yes
130.80848,1,34,0,160000,1,0,0,0,0,0,Yes
166.59364,1,4,0,190000,1,0,0,0,0,0,Yes
57.84356,1,42,0,130000,1,0,0,0,0,0,No
180.81185,1,8,1,170000,1,0,0,0,0,0,Yes
163.52518,1,11,1,330000,1,0,0,0,0,0,Yes
183.21493,1,10,1,205000,1,0,0,0,0,0,No
135.24821,1,23,0,115000,1,0,0,0,0,0,No
180.30051,1,19,1,430000,1,0,0,0,0,0,Yes
181.79696,1,29,1,210000,1,0,0,0,0,0,No
172.26098,1,4,1,290000,1,0,0,0,0,0,No
181.43014,1,15,1,400000,1,0,0,0,0,0,Yes
123.80673,1,5,0,50000,1,0,0,0,0,0,No
71.29803,1,7,1,270000,1,0,0,0,0,0,No
89.54827,1,21,0,175000,1,0,0,0,0,0,Yes
182.24973,1,22,0,220000,1,0,0,0,0,0,No
164.22683,1,4,1,250000,1,0,0,0,0,0,Yes
7.42772,1,4,0,140000,1,0,0,0,0,0,Yes
21.99738,1,31,1,40000000,1,0,0,0,0,0,Yes
169.64788,1,1,1,350000,1,0,0,0,0,0,Yes
163.89524,1,1,1,400000,1,0,0,0,0,0,No
170.17311,1,12,1,240000,1,0,0,0,0,0,Yes
38.51884,1,8,0,105900,1,0,0,0,0,0,Yes
26.89061,1,18,1,70000,1,0,0,0,0,0,Yes
169.06093,1,2,1,380000,1,0,0,0,0,0,Yes
18.38126,1,32,0,56000,1,0,0,0,0,0,Yes
174.13331,1,49,1,350000,1,0,0,0,0,0,Yes
172.54139,1,16,1,350000,1,0,0,0,0,0,Yes
178.70241,1,23,0,255000,1,0,0,0,0,0,No
166.27125,1,12,1,325000,1,0,0,0,0,0,No
3.43172,1,37,1,150000,1,0,0,0,0,0,Yes
85.55357,1,67,0,180000,1,0,0,0,0,0,No
75.37008,1,3,1,300000,1,0,0,0,0,0,Yes
44.80971,0,12,1,350000,1,0,0,0,0,0,Yes
72.54138,0,27,0,50000,1,0,0,0,0,0,Yes
5.67669,1,5,1,230000,1,0,0,0,0,0,Yes
7.91217,1,12,0,475000,1,0,0,0,0,0,No
6.25782,1,2,1,550000,1,0,0,0,0,0,No
175.99514,1,6,1,500000,1,0,0,0,0,0,Yes
4.97165,1,22,0,180000,1,0,0,0,0,0,Yes
164.25406,1,12,1,260000,1,0,0,0,0,0,Yes
5.29262,1,9,0,115000,1,0,0,0,0,0,No
189.45816,1,43,0,125000,1,0,0,0,0,0,Yes
43.4657,1,11,1,1600000,1,0,0,0,0,0,No
175.63596,1,2,1,850000,1,0,0,0,0,0,Yes
190.80767,1,22,1,475000,1,0,0,0,0,0,Yes
181.62326,1,18,0,300000,1,0,0,0,0,0,No
174.7052,1,8,1,98000,1,0,0,0,0,0,No
102.11848,1,16,1,210000,1,0,0,0,0,0,Yes
184.15764,1,4,1,325000,1,0,0,0,0,0,Yes
166.21007,1,5,1,135000,1,0,0,0,0,0,Yes
3.86399,1,18,1,475000,1,0,0,0,0,0,Yes
132.22131,1,4,0,140000,1,0,0,0,0,0,No
70.44687,1,26,0,149500,1,0,0,0,0,0,Yes
4.27901,1,7,1,345000,1,0,0,0,0,0,Yes
158.56985,1,10,1,200000,1,0,0,0,0,0,Yes
171.80177,1,2,1,518734,1,0,0,0,0,0,Yes
168.40337,1,5,0,200000,1,0,0,0,0,0,Yes
50.83812,1,3,0,225000,1,0,0,0,0,0,Yes
90.12112,1,12,0,325000,1,0,0,0,0,0,Yes
182.69491,1,7,1,550000,1,0,0,0,0,0,Yes
2.11689,1,6,0,360000,1,0,0,0,0,0,Yes
36.50932,1,36,1,180000,1,0,0,0,0,0,Yes
181.2311,1,10,1,310000,1,0,0,0,0,0,Yes
95.19864,1,7,1,300000,1,0,0,0,0,0,Yes
151.11732,1,26,0,76500,1,0,0,0,0,0,Yes
14.86679,1,6,1,124500,1,0,0,0,0,0,Yes
43.62949,1,9,1,350000,1,0,0,0,0,0,Yes
161.66765,1,6,1,190000,1,0,0,0,0,0,Yes
39.33463,1,24,0,80000,1,0,0,0,0,0,No
4.82861,1,7,1,200000,1,0,0,0,0,0,Yes
118.7018,1,14,1,220000,1,0,0,0,0,0,Yes
135.28254,0,14,0,90000,1,0,0,0,0,0,Yes
134.47442,1,3,1,300000,1,0,0,0,0,0,Yes
162.7535,1,1,1,650000,1,0,1,0,0,0,No
108.26378,1,14,0,30000,1,0,1,0,0,0,No
4.54955,1,19,1,50000,1,0,1,0,0,0,No
81.281,1,37,1,78000,1,0,1,0,0,0,No
183.21342,1,9,1,127300,1,0,1,0,0,0,No
32.05281,1,57,0,35000,1,0,1,0,0,0,Yes
114.48239,1,11,0,400000,1,0,1,0,0,0,Yes
31.44818,1,65,0,80000,1,0,1,0,0,0,No
175.42313,1,1,1,360000,1,0,1,0,0,0,No
174.33947,1,25,1,300000,1,0,1,0,0,0,No
22.24004,1,1,1,165000,1,0,1,0,0,0,No
29.80762,1,29,0,185000,1,0,1,0,0,0,No
78.72605,1,13,1,210000,1,0,1,0,0,0,No
193.65407,1,12,1,330000,1,0,1,0,0,0,No
42.79774,1,32,1,200000,1,0,1,0,0,0,No
178.90602,1,13,1,850000,1,0,1,0,0,0,No
175.2729,1,8,0,280000,1,0,1,0,0,0,No
169.24159,1,3,1,145000,1,0,1,0,0,0,No
171.11156,1,4,1,265000,1,0,1,0,0,0,Yes
184.78892,1,5,1,220000,1,0,1,0,0,0,No
158.37673,1,10,0,110000,1,0,1,0,0,0,No
171.44901,1,1,1,117500,1,0,1,0,0,0,No
155.42999,1,2,1,300000,1,0,1,0,0,0,No
69.60698,1,3,1,210000,1,0,1,0,0,0,No
192.81274,1,19,1,367000,1,0,1,0,0,0,No
42.86915,0,25,0,154554,1,0,1,0,0,0,No
21.24494,1,10,0,150000,1,0,1,0,0,0,Yes
159.75208,1,2,1,500000,1,0,1,0,0,0,No
51.96573,1,16,0,98000,1,0,1,0,0,0,Yes
27.0116,1,6,0,120000,1,0,1,0,0,0,Yes
52.54593,1,21,1,175000,1,0,1,0,0,0,No
173.80569,1,46,0,250000,1,0,1,0,0,0,No
196.40879,1,2,1,1170000,1,0,1,0,0,0,No
138.6538,1,41,1,86500,1,0,1,0,0,0,Yes
109.59635,1,14,0,95000,1,0,1,0,0,0,No
182.72991,1,5,1,200000,1,0,1,0,0,0,No
163.85581,1,11,1,225000,1,0,1,0,0,0,No
90.10138,1,5,1,125000,1,0,1,0,0,0,No
18.68684,1,28,0,10000,1,0,1,0,0,0,No
2.54248,1,16,1,420000,1,0,1,0,0,0,No
188.31108,1,18,1,670000,1,0,1,0,0,0,No
181.87235,1,10,1,800000,1,0,1,0,0,0,Yes
25.5457,1,23,1,129000,1,0,1,0,0,0,No
2.90094,1,26,1,225000,1,0,1,0,0,0,Yes
167.62567,1,1,0,425000,1,0,1,0,0,0,No
155.42812,1,17,1,275000,1,0,1,0,0,0,No
186.82769,1,3,1,290000,1,0,1,0,0,0,Yes
2.49798,1,23,1,535000,1,0,1,0,0,0,No
6.22648,1,11,0,300000,1,0,1,0,0,0,No
110.67694,1,17,0,200000,1,0,1,0,0,0,No
12.07554,1,11,1,400000,1,0,1,0,0,0,Yes
179.86711,1,19,0,180000,1,0,1,0,0,0,No
33.14391,1,17,0,159000,1,0,1,0,0,0,No
128.72564,1,8,1,235000,1,0,1,0,0,0,No
176.39989,1,2,0,176183,1,0,1,0,0,0,No
161.62693,1,1,1,200000,1,0,1,0,0,0,No
8.50406,0,1,1,310000,1,0,1,0,0,0,No
35.92738,0,14,0,335000,1,0,1,0,0,0,No
121.33529,1,3,1,250000,1,0,1,0,0,0,No
157.24156,1,1,1,280000,1,0,1,0,0,0,No
3.78626,0,48,1,160000,1,0,1,0,0,0,No
20.78305,0,32,1,200000,1,0,1,0,0,0,No
6.32541,1,58,1,256000,1,0,1,0,0,0,No
39.40381,1,18,0,145000,1,0,1,0,0,0,No
149.17033,1,16,0,75000,1,0,1,0,0,0,No
21.47428,1,22,1,649000,1,0,1,0,0,0,No
116.07251,1,4,1,210000,1,0,1,0,0,0,No
7.31863,1,21,0,120000,1,0,1,0,0,0,No
162.17798,1,55,0,150000,1,0,1,0,0,0,No
103.61251,1,15,0,229000,1,0,1,0,0,0,No
180.54318,1,10,1,450000,1,0,1,0,0,0,No
0.57573,0,9,0,400000,1,0,1,0,0,0,No
25.32498,1,13,0,75000,1,0,1,0,0,0,No
106.67094,1,3,0,90000,1,0,1,0,0,0,No
109.42997,1,8,1,180000,1,0,1,0,0,0,Yes
181.22221,1,15,0,280000,1,0,1,0,0,0,No
180.30475,1,0,1,275000,1,0,1,0,0,0,No
19.16138,0,6,1,125000,1,0,1,0,0,0,No
181.17146,1,26,1,380000,1,0,1,0,0,0,No
154.64695,1,4,1,535000,1,0,1,0,0,0,No
175.26398,1,27,1,420000,1,0,1,0,0,0,Yes
95.53542,1,41,0,69559,1,0,1,0,0,0,No
32.25279,1,18,0,145000,1,0,1,0,0,0,Yes
7.61006,1,13,0,132000,1,0,1,0,0,0,No
26.55497,1,10,1,250000,1,0,1,0,0,0,No
130.80848,1,34,0,160000,1,0,1,0,0,0,No
166.59364,1,4,0,190000,1,0,1,0,0,0,Yes
57.84356,1,42,0,130000,1,0,1,0,0,0,No
180.81185,1,8,1,170000,1,0,1,0,0,0,No
163.52518,1,11,1,330000,1,0,1,0,0,0,No
183.21493,1,10,1,205000,1,0,1,0,0,0,No
135.24821,1,23,0,115000,1,0,1,0,0,0,No
181.79696,1,29,1,210000,1,0,1,0,0,0,No
172.26098,1,4,1,290000,1,0,1,0,0,0,No
181.43014,1,15,1,400000,1,0,1,0,0,0,No
71.29803,1,7,1,270000,1,0,1,0,0,0,No
89.54827,1,21,0,175000,1,0,1,0,0,0,No
182.24973,1,22,0,220000,1,0,1,0,0,0,No
164.22683,1,4,1,250000,1,0,1,0,0,0,No
7.42772,1,4,0,140000,1,0,1,0,0,0,No
21.99738,1,31,1,400000,1,0,1,0,0,0,Yes
169.64788,1,1,1,350000,1,0,1,0,0,0,No
163.89524,1,1,1,400000,1,0,1,0,0,0,No
38.51884,1,8,0,105900,1,0,1,0,0,0,No
169.06093,1,2,1,380000,1,0,1,0,0,0,No
18.38126,1,32,0,56000,1,0,1,0,0,0,Yes
174.13331,1,49,1,350000,1,0,1,0,0,0,No
172.54139,1,16,1,350000,1,0,1,0,0,0,No
178.70241,1,23,0,255000,1,0,1,0,0,0,No
166.27125,1,12,1,325000,1,0,1,0,0,0,No
3.43172,1,37,1,150000,1,0,1,0,0,0,Yes
85.55357,1,67,0,180000,1,0,1,0,0,0,No
75.37008,1,3,1,300000,1,0,1,0,0,0,Yes
44.80971,0,12,1,350000,1,0,1,0,0,0,No
72.54138,0,27,0,50000,1,0,1,0,0,0,Yes
5.67669,1,5,1,230000,1,0,1,0,0,0,Yes
7.91217,1,12,0,475000,1,0,1,0,0,0,No
6.25782,1,2,1,550000,1,0,1,0,0,0,No
175.99514,1,6,1,500000,1,0,1,0,0,0,Yes
164.25406,1,12,1,260000,1,0,1,0,0,0,No
5.29262,1,9,0,115000,1,0,1,0,0,0,No
189.45816,1,43,0,125000,1,0,1,0,0,0,No
43.4657,1,11,1,1600000,1,0,1,0,0,0,No
175.63596,1,2,1,850000,1,0,1,0,0,0,Yes
190.80767,1,22,1,475000,1,0,1,0,0,0,No
181.62326,1,18,0,300000,1,0,1,0,0,0,No
174.7052,1,8,1,98000,1,0,1,0,0,0,No
102.11848,1,16,1,210000,1,0,1,0,0,0,Yes
184.15764,1,4,1,325000,1,0,1,0,0,0,Yes
166.21007,1,5,1,135000,1,0,1,0,0,0,No
132.22131,1,4,0,140000,1,0,1,0,0,0,No
70.44687,1,26,0,149500,1,0,1,0,0,0,No
4.27901,1,7,1,345000,1,0,1,0,0,0,No
158.56985,1,10,1,200000,1,0,1,0,0,0,Yes
171.80177,1,2,1,518734,1,0,1,0,0,0,Yes
168.40337,1,5,0,200000,1,0,1,0,0,0,Yes
90.12112,1,12,0,325000,1,0,1,0,0,0,Yes
182.69491,1,7,1,550000,1,0,1,0,0,0,No
2.11689,1,6,0,360000,1,0,1,0,0,0,No
36.50932,1,36,1,180000,1,0,1,0,0,0,No
181.2311,1,10,1,310000,1,0,1,0,0,0,No
95.19864,1,7,1,300000,1,0,1,0,0,0,No
151.11732,1,26,0,76500,1,0,1,0,0,0,No
14.86679,1,6,1,124500,1,0,1,0,0,0,Yes
43.62949,1,9,1,350000,1,0,1,0,0,0,No
161.66765,1,6,1,190000,1,0,1,0,0,0,No
39.33463,1,24,0,80000,1,0,1,0,0,0,No
4.82861,1,7,1,200000,1,0,1,0,0,0,Yes
118.7018,1,14,1,220000,1,0,1,0,0,0,No
134.47442,1,3,1,300000,1,0,1,0,0,0,Yes
162.7535,1,1,1,650000,0,0,1,0,0,0,No
108.26378,1,14,0,30000,0,0,1,0,0,0,No
4.54955,1,19,1,50000,0,0,1,0,0,0,No
81.281,1,37,1,78000,0,0,1,0,0,0,No
183.21342,1,9,1,127300,0,0,1,0,0,0,No
32.05281,1,57,0,35000,0,0,1,0,0,0,Yes
114.48239,1,11,0,400000,0,0,1,0,0,0,No
31.44818,1,65,0,80000,0,0,1,0,0,0,No
175.42313,1,1,1,360000,0,0,1,0,0,0,No
174.33947,1,25,1,300000,0,0,1,0,0,0,No
22.24004,1,1,1,165000,0,0,1,0,0,0,No
29.80762,1,29,0,185000,0,0,1,0,0,0,No
78.72605,1,13,1,210000,0,0,1,0,0,0,No
193.65407,1,12,1,330000,0,0,1,0,0,0,No
42.79774,1,32,1,200000,0,0,1,0,0,0,No
178.90602,1,13,1,850000,0,0,1,0,0,0,No
175.2729,1,8,0,280000,0,0,1,0,0,0,No
169.24159,1,3,1,145000,0,0,1,0,0,0,No
171.11156,1,4,1,265000,0,0,1,0,0,0,No
184.78892,1,5,1,220000,0,0,1,0,0,0,No
158.37673,1,10,0,110000,0,0,1,0,0,0,No
171.44901,1,1,1,117500,0,0,1,0,0,0,No
155.42999,1,2,1,300000,0,0,1,0,0,0,No
69.60698,1,3,1,210000,0,0,1,0,0,0,No
192.81274,1,19,1,367000,0,0,1,0,0,0,No
42.86915,0,25,0,154554,0,0,1,0,0,0,No
21.24494,1,10,0,150000,0,0,1,0,0,0,No
159.75208,1,2,1,500000,0,0,1,0,0,0,No
51.96573,1,16,0,98000,0,0,1,0,0,0,No
27.0116,1,6,0,120000,0,0,1,0,0,0,No
52.54593,1,21,1,175000,0,0,1,0,0,0,No
173.80569,1,46,0,250000,0,0,1,0,0,0,No
196.40879,1,2,1,1170000,0,0,1,0,0,0,No
138.6538,1,41,1,86500,0,0,1,0,0,0,Yes
109.59635,1,14,0,95000,0,0,1,0,0,0,No
182.72991,1,5,1,200000,0,0,1,0,0,0,No
163.85581,1,11,1,225000,0,0,1,0,0,0,No
90.10138,1,5,1,125000,0,0,1,0,0,0,No
18.68684,1,28,0,10000,0,0,1,0,0,0,No
2.54248,1,16,1,420000,0,0,1,0,0,0,No
188.31108,1,18,1,670000,0,0,1,0,0,0,No
181.87235,1,10,1,800000,0,0,1,0,0,0,No
25.5457,1,23,1,129000,0,0,1,0,0,0,No
2.90094,1,26,1,225000,0,0,1,0,0,0,No
167.62567,1,1,0,425000,0,0,1,0,0,0,No
155.42812,1,17,1,275000,0,0,1,0,0,0,No
186.82769,1,3,1,290000,0,0,1,0,0,0,No
2.49798,1,23,1,535000,0,0,1,0,0,0,No
6.22648,1,11,0,300000,0,0,1,0,0,0,No
110.67694,1,17,0,200000,0,0,1,0,0,0,No
12.07554,1,11,1,400000,0,0,1,0,0,0,No
179.86711,1,19,0,180000,0,0,1,0,0,0,No
33.14391,1,17,0,159000,0,0,1,0,0,0,Yes
128.72564,1,8,1,235000,0,0,1,0,0,0,No
176.39989,1,2,0,176183,0,0,1,0,0,0,No
161.62693,1,1,1,200000,0,0,1,0,0,0,No
8.50406,0,1,1,310000,0,0,1,0,0,0,No
35.92738,0,14,0,335000,0,0,1,0,0,0,No
121.33529,1,3,1,250000,0,0,1,0,0,0,No
157.24156,1,1,1,280000,0,0,1,0,0,0,No
3.78626,0,48,1,160000,0,0,1,0,0,0,No
20.78305,0,32,1,200000,0,0,1,0,0,0,No
6.32541,1,58,1,256000,0,0,1,0,0,0,No
39.40381,1,18,0,145000,0,0,1,0,0,0,No
149.17033,1,16,0,75000,0,0,1,0,0,0,No
21.47428,1,22,1,649000,0,0,1,0,0,0,No
116.07251,1,4,1,210000,0,0,1,0,0,0,No
7.31863,1,21,0,120000,0,0,1,0,0,0,No
162.17798,1,55,0,150000,0,0,1,0,0,0,No
103.61251,1,15,0,229000,0,0,1,0,0,0,No
180.54318,1,10,1,450000,0,0,1,0,0,0,No
0.57573,0,9,0,400000,0,0,1,0,0,0,No
25.32498,1,13,0,75000,0,0,1,0,0,0,No
106.67094,1,3,0,90000,0,0,1,0,0,0,No
109.42997,1,8,1,180000,0,0,1,0,0,0,No
181.22221,1,15,0,280000,0,0,1,0,0,0,No
180.30475,1,0,1,275000,0,0,1,0,0,0,No
19.16138,0,6,1,125000,0,0,1,0,0,0,No
181.17146,1,26,1,380000,0,0,1,0,0,0,No
154.64695,1,4,1,535000,0,0,1,0,0,0,No
175.26398,1,27,1,420000,0,0,1,0,0,0,No
95.53542,1,41,0,69559,0,0,1,0,0,0,No
32.25279,1,18,0,145000,0,0,1,0,0,0,No
7.61006,1,13,0,132000,0,0,1,0,0,0,No
26.55497,1,10,1,250000,0,0,1,0,0,0,No
130.80848,1,34,0,160000,0,0,1,0,0,0,No
166.59364,1,4,0,190000,0,0,1,0,0,0,No
57.84356,1,42,0,130000,0,0,1,0,0,0,No
180.81185,1,8,1,170000,0,0,1,0,0,0,No
163.52518,1,11,1,330000,0,0,1,0,0,0,No
183.21493,1,10,1,205000,0,0,1,0,0,0,No
135.24821,1,23,0,115000,0,0,1,0,0,0,No
181.79696,1,29,1,210000,0,0,1,0,0,0,No
172.26098,1,4,1,290000,0,0,1,0,0,0,No
181.43014,1,15,1,400000,0,0,1,0,0,0,No
71.29803,1,7,1,270000,0,0,1,0,0,0,No
89.54827,1,21,0,175000,0,0,1,0,0,0,No
182.24973,1,22,0,220000,0,0,1,0,0,0,No
164.22683,1,4,1,250000,0,0,1,0,0,0,No
7.42772,1,4,0,140000,0,0,1,0,0,0,No
21.99738,1,31,1,400000,0,0,1,0,0,0,No
169.64788,1,1,1,350000,0,0,1,0,0,0,No
163.89524,1,1,1,400000,0,0,1,0,0,0,No
38.51884,1,8,0,105900,0,0,1,0,0,0,No
169.06093,1,2,1,380000,0,0,1,0,0,0,No
18.38126,1,32,0,56000,0,0,1,0,0,0,No
174.13331,1,49,1,350000,0,0,1,0,0,0,No
172.54139,1,16,1,350000,0,0,1,0,0,0,No
178.70241,1,23,0,255000,0,0,1,0,0,0,No
166.27125,1,12,1,325000,0,0,1,0,0,0,No
3.43172,1,37,1,150000,0,0,1,0,0,0,No
85.55357,1,67,0,180000,0,0,1,0,0,0,No
75.37008,1,3,1,300000,0,0,1,0,0,0,No
44.80971,0,12,1,350000,0,0,1,0,0,0,No
72.54138,0,27,0,50000,0,0,1,0,0,0,No
5.67669,1,5,1,230000,0,0,1,0,0,0,No
7.91217,1,12,0,475000,0,0,1,0,0,0,No
6.25782,1,2,1,550000,0,0,1,0,0,0,No
175.99514,1,6,1,500000,0,0,1,0,0,0,No
164.25406,1,12,1,260000,0,0,1,0,0,0,No
5.29262,1,9,0,115000,0,0,1,0,0,0,No
189.45816,1,43,0,125000,0,0,1,0,0,0,No
43.4657,1,11,1,1600000,0,0,1,0,0,0,No
175.63596,1,2,1,850000,0,0,1,0,0,0,No
190.80767,1,22,1,475000,0,0,1,0,0,0,No
181.62326,1,18,0,300000,0,0,1,0,0,0,No
174.7052,1,8,1,98000,0,0,1,0,0,0,No
102.11848,1,16,1,210000,0,0,1,0,0,0,No
184.15764,1,4,1,325000,0,0,1,0,0,0,No
166.21007,1,5,1,135000,0,0,1,0,0,0,No
132.22131,1,4,0,140000,0,0,1,0,0,0,No
70.44687,1,26,0,149500,0,0,1,0,0,0,No
4.27901,1,7,1,345000,0,0,1,0,0,0,No
158.56985,1,10,1,200000,0,0,1,0,0,0,No
171.80177,1,2,1,518734,0,0,1,0,0,0,No
168.40337,1,5,0,200000,0,0,1,0,0,0,Yes
90.12112,1,12,0,325000,0,0,1,0,0,0,No
182.69491,1,7,1,550000,0,0,1,0,0,0,No
2.11689,1,6,0,360000,0,0,1,0,0,0,No
36.50932,1,36,1,180000,0,0,1,0,0,0,No
181.2311,1,10,1,310000,0,0,1,0,0,0,No
95.19864,1,7,1,300000,0,0,1,0,0,0,No
151.11732,1,26,0,76500,0,0,1,0,0,0,No
14.86679,1,6,1,124500,0,0,1,0,0,0,No
43.62949,1,9,1,350000,0,0,1,0,0,0,No
161.66765,1,6,1,190000,0,0,1,0,0,0,No
39.33463,1,24,0,80000,0,0,1,0,0,0,No
4.82861,1,7,1,200000,0,0,1,0,0,0,No
118.7018,1,14,1,220000,0,0,1,0,0,0,No
134.47442,1,3,1,300000,0,0,1,0,0,0,No
162.7535,1,1,1,650000,1,0,0,1,0,0,No
108.26378,1,14,0,30000,1,0,0,1,0,0,No
4.54955,1,19,1,50000,1,0,0,1,0,0,No
81.281,1,37,1,78000,1,0,0,1,0,0,Yes
183.21342,1,9,1,127300,1,0,0,1,0,0,No
32.05281,1,57,0,35000,1,0,0,1,0,0,Yes
114.48239,1,11,0,400000,1,0,0,1,0,0,Yes
31.44818,1,65,0,80000,1,0,0,1,0,0,No
175.42313,1,1,1,360000,1,0,0,1,0,0,No
174.33947,1,25,1,300000,1,0,0,1,0,0,No
22.24004,1,1,1,165000,1,0,0,1,0,0,No
29.80762,1,29,0,185000,1,0,0,1,0,0,No
78.72605,1,13,1,210000,1,0,0,1,0,0,Yes
193.65407,1,12,1,330000,1,0,0,1,0,0,No
42.79774,1,32,1,200000,1,0,0,1,0,0,No
178.90602,1,13,1,850000,1,0,0,1,0,0,Yes
175.2729,1,8,0,280000,1,0,0,1,0,0,No
169.24159,1,3,1,145000,1,0,0,1,0,0,Yes
171.11156,1,4,1,265000,1,0,0,1,0,0,Yes
184.78892,1,5,1,220000,1,0,0,1,0,0,No
158.37673,1,10,0,110000,1,0,0,1,0,0,No
171.44901,1,1,1,117500,1,0,0,1,0,0,No
155.42999,1,2,1,300000,1,0,0,1,0,0,No
69.60698,1,3,1,210000,1,0,0,1,0,0,Yes
192.81274,1,19,1,367000,1,0,0,1,0,0,No
42.86915,0,25,0,154554,1,0,0,1,0,0,No
21.24494,1,10,0,150000,1,0,0,1,0,0,Yes
159.75208,1,2,1,500000,1,0,0,1,0,0,Yes
51.96573,1,16,0,98000,1,0,0,1,0,0,Yes
27.0116,1,6,0,120000,1,0,0,1,0,0,Yes
52.54593,1,21,1,175000,1,0,0,1,0,0,No
173.80569,1,46,0,250000,1,0,0,1,0,0,No
196.40879,1,2,1,1170000,1,0,0,1,0,0,No
138.6538,1,41,1,86500,1,0,0,1,0,0,Yes
109.59635,1,14,0,95000,1,0,0,1,0,0,Yes
182.72991,1,5,1,200000,1,0,0,1,0,0,Yes
163.85581,1,11,1,225000,1,0,0,1,0,0,No
90.10138,1,5,1,125000,1,0,0,1,0,0,No
18.68684,1,28,0,10000,1,0,0,1,0,0,No
2.54248,1,16,1,420000,1,0,0,1,0,0,Yes
188.31108,1,18,1,670000,1,0,0,1,0,0,Yes
181.87235,1,10,1,800000,1,0,0,1,0,0,Yes
25.5457,1,23,1,129000,1,0,0,1,0,0,Yes
2.90094,1,26,1,225000,1,0,0,1,0,0,Yes
167.62567,1,1,0,425000,1,0,0,1,0,0,No
155.42812,1,17,1,275000,1,0,0,1,0,0,No
186.82769,1,3,1,290000,1,0,0,1,0,0,Yes
2.49798,1,23,1,535000,1,0,0,1,0,0,No
6.22648,1,11,0,300000,1,0,0,1,0,0,No
110.67694,1,17,0,200000,1,0,0,1,0,0,No
12.07554,1,11,1,400000,1,0,0,1,0,0,No
179.86711,1,19,0,180000,1,0,0,1,0,0,Yes
33.14391,1,17,0,159000,1,0,0,1,0,0,No
128.72564,1,8,1,235000,1,0,0,1,0,0,Yes
176.39989,1,2,0,176183,1,0,0,1,0,0,No
161.62693,1,1,1,200000,1,0,0,1,0,0,No
8.50406,0,1,1,310000,1,0,0,1,0,0,Yes
35.92738,0,14,0,335000,1,0,0,1,0,0,No
121.33529,1,3,1,250000,1,0,0,1,0,0,Yes
157.24156,1,1,1,280000,1,0,0,1,0,0,No
3.78626,0,48,1,160000,1,0,0,1,0,0,No
20.78305,0,32,1,200000,1,0,0,1,0,0,Yes
6.32541,1,58,1,256000,1,0,0,1,0,0,No
39.40381,1,18,0,145000,1,0,0,1,0,0,No
149.17033,1,16,0,75000,1,0,0,1,0,0,No
21.47428,1,22,1,649000,1,0,0,1,0,0,No
116.07251,1,4,1,210000,1,0,0,1,0,0,Yes
7.31863,1,21,0,120000,1,0,0,1,0,0,Yes
162.17798,1,55,0,150000,1,0,0,1,0,0,No
103.61251,1,15,0,229000,1,0,0,1,0,0,No
180.54318,1,10,1,450000,1,0,0,1,0,0,No
0.57573,0,9,0,400000,1,0,0,1,0,0,No
25.32498,1,13,0,75000,1,0,0,1,0,0,Yes
106.67094,1,3,0,90000,1,0,0,1,0,0,No
109.42997,1,8,1,180000,1,0,0,1,0,0,Yes
181.22221,1,15,0,280000,1,0,0,1,0,0,No
180.30475,1,0,1,275000,1,0,0,1,0,0,No
19.16138,0,6,1,125000,1,0,0,1,0,0,No
181.17146,1,26,1,380000,1,0,0,1,0,0,No
154.64695,1,4,1,535000,1,0,0,1,0,0,No
175.26398,1,27,1,420000,1,0,0,1,0,0,Yes
95.53542,1,41,0,69559,1,0,0,1,0,0,No
32.25279,1,18,0,145000,1,0,0,1,0,0,Yes
7.61006,1,13,0,132000,1,0,0,1,0,0,No
26.55497,1,10,1,250000,1,0,0,1,0,0,No
130.80848,1,34,0,160000,1,0,0,1,0,0,No
166.59364,1,4,0,190000,1,0,0,1,0,0,Yes
57.84356,1,42,0,130000,1,0,0,1,0,0,No
180.81185,1,8,1,170000,1,0,0,1,0,0,Yes
163.52518,1,11,1,330000,1,0,0,1,0,0,Yes
183.21493,1,10,1,205000,1,0,0,1,0,0,No
135.24821,1,23,0,115000,1,0,0,1,0,0,No
181.79696,1,29,1,210000,1,0,0,1,0,0,No
172.26098,1,4,1,290000,1,0,0,1,0,0,Yes
181.43014,1,15,1,400000,1,0,0,1,0,0,No
71.29803,1,7,1,270000,1,0,0,1,0,0,No
89.54827,1,21,0,175000,1,0,0,1,0,0,Yes
182.24973,1,22,0,220000,1,0,0,1,0,0,No
164.22683,1,4,1,250000,1,0,0,1,0,0,No
7.42772,1,4,0,140000,1,0,0,1,0,0,Yes
21.99738,1,31,1,400000,1,0,0,1,0,0,Yes
169.64788,1,1,1,350000,1,0,0,1,0,0,Yes
163.89524,1,1,1,400000,1,0,0,1,0,0,No
38.51884,1,8,0,105900,1,0,0,1,0,0,Yes
169.06093,1,2,1,380000,1,0,0,1,0,0,Yes
18.38126,1,32,0,56000,1,0,0,1,0,0,Yes
174.13331,1,49,1,350000,1,0,0,1,0,0,No
172.54139,1,16,1,350000,1,0,0,1,0,0,Yes
178.70241,1,23,0,255000,1,0,0,1,0,0,No
166.27125,1,12,1,325000,1,0,0,1,0,0,No
3.43172,1,37,1,150000,1,0,0,1,0,0,Yes
85.55357,1,67,0,180000,1,0,0,1,0,0,No
75.37008,1,3,1,300000,1,0,0,1,0,0,Yes
44.80971,0,12,1,350000,1,0,0,1,0,0,Yes
72.54138,0,27,0,50000,1,0,0,1,0,0,Yes
5.67669,1,5,1,230000,1,0,0,1,0,0,Yes
7.91217,1,12,0,475000,1,0,0,1,0,0,No
6.25782,1,2,1,550000,1,0,0,1,0,0,No
175.99514,1,6,1,500000,1,0,0,1,0,0,Yes
164.25406,1,12,1,260000,1,0,0,1,0,0,Yes
5.29262,1,9,0,115000,1,0,0,1,0,0,No
189.45816,1,43,0,125000,1,0,0,1,0,0,No
43.4657,1,11,1,1600000,1,0,0,1,0,0,No
175.63596,1,2,1,850000,1,0,0,1,0,0,Yes
190.80767,1,22,1,475000,1,0,0,1,0,0,No
181.62326,1,18,0,300000,1,0,0,1,0,0,No
174.7052,1,8,1,98000,1,0,0,1,0,0,No
102.11848,1,16,1,210000,1,0,0,1,0,0,Yes
184.15764,1,4,1,325000,1,0,0,1,0,0,Yes
166.21007,1,5,1,135000,1,0,0,1,0,0,No
132.22131,1,4,0,140000,1,0,0,1,0,0,No
70.44687,1,26,0,149500,1,0,0,1,0,0,No
4.27901,1,7,1,345000,1,0,0,1,0,0,Yes
158.56985,1,10,1,200000,1,0,0,1,0,0,Yes
171.80177,1,2,1,518734,1,0,0,1,0,0,Yes
168.40337,1,5,0,200000,1,0,0,1,0,0,Yes
90.12112,1,12,0,325000,1,0,0,1,0,0,Yes
182.69491,1,7,1,550000,1,0,0,1,0,0,No
2.11689,1,6,0,360000,1,0,0,1,0,0,Yes
36.50932,1,36,1,180000,1,0,0,1,0,0,Yes
181.2311,1,10,1,310000,1,0,0,1,0,0,Yes
95.19864,1,7,1,300000,1,0,0,1,0,0,No
151.11732,1,26,0,76500,1,0,0,1,0,0,Yes
14.86679,1,6,1,124500,1,0,0,1,0,0,Yes
43.62949,1,9,1,350000,1,0,0,1,0,0,No
161.66765,1,6,1,190000,1,0,0,1,0,0,No
39.33463,1,24,0,80000,1,0,0,1,0,0,Yes
4.82861,1,7,1,200000,1,0,0,1,0,0,Yes
118.7018,1,14,1,220000,1,0,0,1,0,0,Yes
134.47442,1,3,1,300000,1,0,0,1,0,0,Yes
162.7535,1,1,1,650000,0,0,0,1,0,0,No
108.26378,1,14,0,30000,0,0,0,1,0,0,No
4.54955,1,19,1,50000,0,0,0,1,0,0,No
81.281,1,37,1,78000,0,0,0,1,0,0,No
183.21342,1,9,1,127300,0,0,0,1,0,0,No
32.05281,1,57,0,35000,0,0,0,1,0,0,Yes
114.48239,1,11,0,400000,0,0,0,1,0,0,No
31.44818,1,65,0,80000,0,0,0,1,0,0,No
175.42313,1,1,1,360000,0,0,0,1,0,0,No
174.33947,1,25,1,300000,0,0,0,1,0,0,No
22.24004,1,1,1,165000,0,0,0,1,0,0,No
29.80762,1,29,0,185000,0,0,0,1,0,0,No
78.72605,1,13,1,210000,0,0,0,1,0,0,No
193.65407,1,12,1,330000,0,0,0,1,0,0,No
42.79774,1,32,1,200000,0,0,0,1,0,0,No
178.90602,1,13,1,850000,0,0,0,1,0,0,No
175.2729,1,8,0,280000,0,0,0,1,0,0,No
169.24159,1,3,1,145000,0,0,0,1,0,0,No
171.11156,1,4,1,265000,0,0,0,1,0,0,No
184.78892,1,5,1,220000,0,0,0,1,0,0,No
158.37673,1,10,0,110000,0,0,0,1,0,0,No
171.44901,1,1,1,117500,0,0,0,1,0,0,No
155.42999,1,2,1,300000,0,0,0,1,0,0,No
69.60698,1,3,1,210000,0,0,0,1,0,0,No
192.81274,1,19,1,367000,0,0,0,1,0,0,No
42.86915,0,25,0,154554,0,0,0,1,0,0,No
21.24494,1,10,0,150000,0,0,0,1,0,0,No
159.75208,1,2,1,500000,0,0,0,1,0,0,Yes
51.96573,1,16,0,98000,0,0,0,1,0,0,No
27.0116,1,6,0,120000,0,0,0,1,0,0,No
52.54593,1,21,1,175000,0,0,0,1,0,0,No
173.80569,1,46,0,250000,0,0,0,1,0,0,No
196.40879,1,2,1,1170000,0,0,0,1,0,0,Yes
138.6538,1,41,1,86500,0,0,0,1,0,0,Yes
109.59635,1,14,0,95000,0,0,0,1,0,0,No
182.72991,1,5,1,200000,0,0,0,1,0,0,No
163.85581,1,11,1,225000,0,0,0,1,0,0,No
90.10138,1,5,1,125000,0,0,0,1,0,0,No
18.68684,1,28,0,10000,0,0,0,1,0,0,No
2.54248,1,16,1,420000,0,0,0,1,0,0,No
188.31108,1,18,1,670000,0,0,0,1,0,0,Yes
181.87235,1,10,1,800000,0,0,0,1,0,0,No
25.5457,1,23,1,129000,0,0,0,1,0,0,No
2.90094,1,26,1,225000,0,0,0,1,0,0,Yes
167.62567,1,1,0,425000,0,0,0,1,0,0,No
155.42812,1,17,1,275000,0,0,0,1,0,0,No
186.82769,1,3,1,290000,0,0,0,1,0,0,No
2.49798,1,23,1,535000,0,0,0,1,0,0,No
6.22648,1,11,0,300000,0,0,0,1,0,0,No
110.67694,1,17,0,200000,0,0,0,1,0,0,No
12.07554,1,11,1,400000,0,0,0,1,0,0,No
179.86711,1,19,0,180000,0,0,0,1,0,0,No
33.14391,1,17,0,159000,0,0,0,1,0,0,Yes
128.72564,1,8,1,235000,0,0,0,1,0,0,Yes
176.39989,1,2,0,176183,0,0,0,1,0,0,No
161.62693,1,1,1,200000,0,0,0,1,0,0,No
8.50406,0,1,1,310000,0,0,0,1,0,0,No
35.92738,0,14,0,335000,0,0,0,1,0,0,No
121.33529,1,3,1,250000,0,0,0,1,0,0,No
157.24156,1,1,1,280000,0,0,0,1,0,0,No
3.78626,0,48,1,160000,0,0,0,1,0,0,No
20.78305,0,32,1,200000,0,0,0,1,0,0,No
6.32541,1,58,1,256000,0,0,0,1,0,0,No
39.40381,1,18,0,145000,0,0,0,1,0,0,No
149.17033,1,16,0,75000,0,0,0,1,0,0,No
21.47428,1,22,1,649000,0,0,0,1,0,0,No
116.07251,1,4,1,210000,0,0,0,1,0,0,No
7.31863,1,21,0,120000,0,0,0,1,0,0,No
162.17798,1,55,0,150000,0,0,0,1,0,0,No
103.61251,1,15,0,229000,0,0,0,1,0,0,No
180.54318,1,10,1,450000,0,0,0,1,0,0,No
0.57573,0,9,0,400000,0,0,0,1,0,0,No
25.32498,1,13,0,75000,0,0,0,1,0,0,No
106.67094,1,3,0,90000,0,0,0,1,0,0,No
109.42997,1,8,1,180000,0,0,0,1,0,0,No
181.22221,1,15,0,280000,0,0,0,1,0,0,No
180.30475,1,0,1,275000,0,0,0,1,0,0,No
19.16138,0,6,1,125000,0,0,0,1,0,0,No
181.17146,1,26,1,380000,0,0,0,1,0,0,No
154.64695,1,4,1,535000,0,0,0,1,0,0,No
175.26398,1,27,1,420000,0,0,0,1,0,0,No
95.53542,1,41,0,69559,0,0,0,1,0,0,No
32.25279,1,18,0,145000,0,0,0,1,0,0,No
7.61006,1,13,0,132000,0,0,0,1,0,0,No
26.55497,1,10,1,250000,0,0,0,1,0,0,No
130.80848,1,34,0,160000,0,0,0,1,0,0,No
166.59364,1,4,0,190000,0,0,0,1,0,0,No
57.84356,1,42,0,130000,0,0,0,1,0,0,No
180.81185,1,8,1,170000,0,0,0,1,0,0,No
163.52518,1,11,1,330000,0,0,0,1,0,0,No
183.21493,1,10,1,205000,0,0,0,1,0,0,No
135.24821,1,23,0,115000,0,0,0,1,0,0,No
181.79696,1,29,1,210000,0,0,0,1,0,0,No
172.26098,1,4,1,290000,0,0,0,1,0,0,No
181.43014,1,15,1,400000,0,0,0,1,0,0,No
71.29803,1,7,1,270000,0,0,0,1,0,0,No
89.54827,1,21,0,175000,0,0,0,1,0,0,Yes
182.24973,1,22,0,220000,0,0,0,1,0,0,No
164.22683,1,4,1,250000,0,0,0,1,0,0,No
7.42772,1,4,0,140000,0,0,0,1,0,0,No
21.99738,1,31,1,400000,0,0,0,1,0,0,Yes
169.64788,1,1,1,350000,0,0,0,1,0,0,No
163.89524,1,1,1,400000,0,0,0,1,0,0,No
38.51884,1,8,0,105900,0,0,0,1,0,0,Yes
169.06093,1,2,1,380000,0,0,0,1,0,0,No
18.38126,1,32,0,56000,0,0,0,1,0,0,Yes
174.13331,1,49,1,350000,0,0,0,1,0,0,No
172.54139,1,16,1,350000,0,0,0,1,0,0,Yes
178.70241,1,23,0,255000,0,0,0,1,0,0,No
166.27125,1,12,1,325000,0,0,0,1,0,0,No
3.43172,1,37,1,150000,0,0,0,1,0,0,No
85.55357,1,67,0,180000,0,0,0,1,0,0,No
75.37008,1,3,1,300000,0,0,0,1,0,0,No
44.80971,0,12,1,350000,0,0,0,1,0,0,No
72.54138,0,27,0,50000,0,0,0,1,0,0,No
5.67669,1,5,1,230000,0,0,0,1,0,0,No
7.91217,1,12,0,475000,0,0,0,1,0,0,No
6.25782,1,2,1,550000,0,0,0,1,0,0,No
175.99514,1,6,1,500000,0,0,0,1,0,0,No
164.25406,1,12,1,260000,0,0,0,1,0,0,No
5.29262,1,9,0,115000,0,0,0,1,0,0,No
189.45816,1,43,0,125000,0,0,0,1,0,0,No
43.4657,1,11,1,1600000,0,0,0,1,0,0,No
175.63596,1,2,1,850000,0,0,0,1,0,0,No
190.80767,1,22,1,475000,0,0,0,1,0,0,No
181.62326,1,18,0,300000,0,0,0,1,0,0,No
174.7052,1,8,1,98000,0,0,0,1,0,0,No
102.11848,1,16,1,210000,0,0,0,1,0,0,No
184.15764,1,4,1,325000,0,0,0,1,0,0,No
166.21007,1,5,1,135000,0,0,0,1,0,0,No
132.22131,1,4,0,140000,0,0,0,1,0,0,No
70.44687,1,26,0,149500,0,0,0,1,0,0,No
4.27901,1,7,1,345000,0,0,0,1,0,0,No
158.56985,1,10,1,200000,0,0,0,1,0,0,No
171.80177,1,2,1,518734,0,0,0,1,0,0,Yes
168.40337,1,5,0,200000,0,0,0,1,0,0,Yes
90.12112,1,12,0,325000,0,0,0,1,0,0,No
182.69491,1,7,1,550000,0,0,0,1,0,0,No
2.11689,1,6,0,360000,0,0,0,1,0,0,Yes
36.50932,1,36,1,180000,0,0,0,1,0,0,No
181.2311,1,10,1,310000,0,0,0,1,0,0,No
95.19864,1,7,1,300000,0,0,0,1,0,0,No
151.11732,1,26,0,76500,0,0,0,1,0,0,Yes
14.86679,1,6,1,124500,0,0,0,1,0,0,Yes
43.62949,1,9,1,350000,0,0,0,1,0,0,No
161.66765,1,6,1,190000,0,0,0,1,0,0,No
39.33463,1,24,0,80000,0,0,0,1,0,0,Yes
4.82861,1,7,1,200000,0,0,0,1,0,0,No
118.7018,1,14,1,220000,0,0,0,1,0,0,No
134.47442,1,3,1,300000,0,0,0,1,0,0,Yes
162.7535,1,1,1,650000,1,0,0,0,1,0,Yes
108.26378,1,14,0,30000,1,0,0,0,1,0,No
4.54955,1,19,1,50000,1,0,0,0,1,0,No
81.281,1,37,1,78000,1,0,0,0,1,0,Yes
183.21342,1,9,1,127300,1,0,0,0,1,0,No
32.05281,1,57,0,35000,1,0,0,0,1,0,Yes
114.48239,1,11,0,400000,1,0,0,0,1,0,Yes
31.44818,1,65,0,80000,1,0,0,0,1,0,No
175.42313,1,1,1,360000,1,0,0,0,1,0,Yes
174.33947,1,25,1,300000,1,0,0,0,1,0,Yes
22.24004,1,1,1,165000,1,0,0,0,1,0,Yes
29.80762,1,29,0,185000,1,0,0,0,1,0,No
78.72605,1,13,1,210000,1,0,0,0,1,0,Yes
193.65407,1,12,1,330000,1,0,0,0,1,0,Yes
42.79774,1,32,1,200000,1,0,0,0,1,0,Yes
178.90602,1,13,1,850000,1,0,0,0,1,0,Yes
175.2729,1,8,0,280000,1,0,0,0,1,0,Yes
169.24159,1,3,1,145000,1,0,0,0,1,0,Yes
171.11156,1,4,1,265000,1,0,0,0,1,0,Yes
184.78892,1,5,1,220000,1,0,0,0,1,0,Yes
158.37673,1,10,0,110000,1,0,0,0,1,0,Yes
171.44901,1,1,1,117500,1,0,0,0,1,0,Yes
155.42999,1,2,1,300000,1,0,0,0,1,0,Yes
69.60698,1,3,1,210000,1,0,0,0,1,0,Yes
192.81274,1,19,1,367000,1,0,0,0,1,0,Yes
42.86915,0,25,0,154554,1,0,0,0,1,0,No
21.24494,1,10,0,150000,1,0,0,0,1,0,Yes
159.75208,1,2,1,500000,1,0,0,0,1,0,Yes
51.96573,1,16,0,98000,1,0,0,0,1,0,Yes
27.0116,1,6,0,120000,1,0,0,0,1,0,Yes
52.54593,1,21,1,175000,1,0,0,0,1,0,No
173.80569,1,46,0,250000,1,0,0,0,1,0,No
196.40879,1,2,1,1170000,1,0,0,0,1,0,Yes
138.6538,1,41,1,86500,1,0,0,0,1,0,Yes
109.59635,1,14,0,95000,1,0,0,0,1,0,Yes
182.72991,1,5,1,200000,1,0,0,0,1,0,No
163.85581,1,11,1,225000,1,0,0,0,1,0,No
90.10138,1,5,1,125000,1,0,0,0,1,0,No
18.68684,1,28,0,10000,1,0,0,0,1,0,No
2.54248,1,16,1,420000,1,0,0,0,1,0,Yes
188.31108,1,18,1,670000,1,0,0,0,1,0,Yes
181.87235,1,10,1,800000,1,0,0,0,1,0,Yes
25.5457,1,23,1,129000,1,0,0,0,1,0,Yes
2.90094,1,26,1,225000,1,0,0,0,1,0,Yes
167.62567,1,1,0,425000,1,0,0,0,1,0,No
155.42812,1,17,1,275000,1,0,0,0,1,0,Yes
186.82769,1,3,1,290000,1,0,0,0,1,0,Yes
2.49798,1,23,1,535000,1,0,0,0,1,0,Yes
6.22648,1,11,0,300000,1,0,0,0,1,0,Yes
110.67694,1,17,0,200000,1,0,0,0,1,0,No
12.07554,1,11,1,400000,1,0,0,0,1,0,No
179.86711,1,19,0,180000,1,0,0,0,1,0,Yes
33.14391,1,17,0,159000,1,0,0,0,1,0,Yes
128.72564,1,8,1,235000,1,0,0,0,1,0,Yes
176.39989,1,2,0,176183,1,0,0,0,1,0,Yes
161.62693,1,1,1,200000,1,0,0,0,1,0,No
8.50406,0,1,1,310000,1,0,0,0,1,0,Yes
35.92738,0,14,0,335000,1,0,0,0,1,0,No
121.33529,1,3,1,250000,1,0,0,0,1,0,Yes
157.24156,1,1,1,280000,1,0,0,0,1,0,Yes
3.78626,0,48,1,160000,1,0,0,0,1,0,Yes
20.78305,0,32,1,200000,1,0,0,0,1,0,Yes
6.32541,1,58,1,256000,1,0,0,0,1,0,Yes
39.40381,1,18,0,145000,1,0,0,0,1,0,Yes
149.17033,1,16,0,75000,1,0,0,0,1,0,Yes
21.47428,1,22,1,649000,1,0,0,0,1,0,No
116.07251,1,4,1,210000,1,0,0,0,1,0,Yes
7.31863,1,21,0,120000,1,0,0,0,1,0,Yes
162.17798,1,55,0,150000,1,0,0,0,1,0,No
103.61251,1,15,0,229000,1,0,0,0,1,0,Yes
180.54318,1,10,1,450000,1,0,0,0,1,0,No
0.57573,0,9,0,400000,1,0,0,0,1,0,Yes
25.32498,1,13,0,75000,1,0,0,0,1,0,Yes
106.67094,1,3,0,90000,1,0,0,0,1,0,Yes
109.42997,1,8,1,180000,1,0,0,0,1,0,Yes
181.22221,1,15,0,280000,1,0,0,0,1,0,Yes
180.30475,1,0,1,275000,1,0,0,0,1,0,Yes
19.16138,0,6,1,125000,1,0,0,0,1,0,Yes
181.17146,1,26,1,380000,1,0,0,0,1,0,Yes
154.64695,1,4,1,535000,1,0,0,0,1,0,No
175.26398,1,27,1,420000,1,0,0,0,1,0,Yes
95.53542,1,41,0,69559,1,0,0,0,1,0,No
32.25279,1,18,0,145000,1,0,0,0,1,0,Yes
7.61006,1,13,0,132000,1,0,0,0,1,0,Yes
26.55497,1,10,1,250000,1,0,0,0,1,0,Yes
130.80848,1,34,0,160000,1,0,0,0,1,0,Yes
166.59364,1,4,0,190000,1,0,0,0,1,0,Yes
57.84356,1,42,0,130000,1,0,0,0,1,0,Yes
180.81185,1,8,1,170000,1,0,0,0,1,0,Yes
163.52518,1,11,1,330000,1,0,0,0,1,0,Yes
183.21493,1,10,1,205000,1,0,0,0,1,0,No
135.24821,1,23,0,115000,1,0,0,0,1,0,No
181.79696,1,29,1,210000,1,0,0,0,1,0,No
172.26098,1,4,1,290000,1,0,0,0,1,0,No
181.43014,1,15,1,400000,1,0,0,0,1,0,Yes
71.29803,1,7,1,270000,1,0,0,0,1,0,No
89.54827,1,21,0,175000,1,0,0,0,1,0,Yes
182.24973,1,22,0,220000,1,0,0,0,1,0,No
164.22683,1,4,1,250000,1,0,0,0,1,0,Yes
7.42772,1,4,0,140000,1,0,0,0,1,0,Yes
21.99738,1,31,1,400000,1,0,0,0,1,0,Yes
169.64788,1,1,1,350000,1,0,0,0,1,0,Yes
163.89524,1,1,1,400000,1,0,0,0,1,0,No
38.51884,1,8,0,105900,1,0,0,0,1,0,Yes
169.06093,1,2,1,380000,1,0,0,0,1,0,Yes
18.38126,1,32,0,56000,1,0,0,0,1,0,Yes
174.13331,1,49,1,350000,1,0,0,0,1,0,Yes
172.54139,1,16,1,350000,1,0,0,0,1,0,Yes
178.70241,1,23,0,255000,1,0,0,0,1,0,Yes
166.27125,1,12,1,325000,1,0,0,0,1,0,Yes
3.43172,1,37,1,150000,1,0,0,0,1,0,Yes
85.55357,1,67,0,180000,1,0,0,0,1,0,No
75.37008,1,3,1,300000,1,0,0,0,1,0,Yes
44.80971,0,12,1,350000,1,0,0,0,1,0,Yes
72.54138,0,27,0,50000,1,0,0,0,1,0,Yes
5.67669,1,5,1,230000,1,0,0,0,1,0,Yes
7.91217,1,12,0,475000,1,0,0,0,1,0,Yes
6.25782,1,2,1,550000,1,0,0,0,1,0,No
175.99514,1,6,1,500000,1,0,0,0,1,0,Yes
164.25406,1,12,1,260000,1,0,0,0,1,0,Yes
5.29262,1,9,0,115000,1,0,0,0,1,0,No
189.45816,1,43,0,125000,1,0,0,0,1,0,Yes
43.4657,1,11,1,1600000,1,0,0,0,1,0,No
175.63596,1,2,1,850000,1,0,0,0,1,0,Yes
190.80767,1,22,1,475000,1,0,0,0,1,0,Yes
181.62326,1,18,0,300000,1,0,0,0,1,0,No
174.7052,1,8,1,98000,1,0,0,0,1,0,No
102.11848,1,16,1,210000,1,0,0,0,1,0,Yes
184.15764,1,4,1,325000,1,0,0,0,1,0,Yes
166.21007,1,5,1,135000,1,0,0,0,1,0,Yes
132.22131,1,4,0,140000,1,0,0,0,1,0,Yes
70.44687,1,26,0,149500,1,0,0,0,1,0,Yes
4.27901,1,7,1,345000,1,0,0,0,1,0,Yes
158.56985,1,10,1,200000,1,0,0,0,1,0,Yes
171.80177,1,2,1,518734,1,0,0,0,1,0,Yes
168.40337,1,5,0,200000,1,0,0,0,1,0,Yes
90.12112,1,12,0,325000,1,0,0,0,1,0,Yes
182.69491,1,7,1,550000,1,0,0,0,1,0,Yes
2.11689,1,6,0,360000,1,0,0,0,1,0,Yes
36.50932,1,36,1,180000,1,0,0,0,1,0,Yes
181.2311,1,10,1,310000,1,0,0,0,1,0,Yes
95.19864,1,7,1,300000,1,0,0,0,1,0,Yes
151.11732,1,26,0,76500,1,0,0,0,1,0,Yes
14.86679,1,6,1,124500,1,0,0,0,1,0,Yes
43.62949,1,9,1,350000,1,0,0,0,1,0,No
161.66765,1,6,1,190000,1,0,0,0,1,0,Yes
39.33463,1,24,0,80000,1,0,0,0,1,0,No
4.82861,1,7,1,200000,1,0,0,0,1,0,Yes
118.7018,1,14,1,220000,1,0,0,0,1,0,Yes
134.47442,1,3,1,300000,1,0,0,0,1,0,Yes
162.7535,1,1,1,650000,0,0,0,0,1,0,No
108.26378,1,14,0,30000,0,0,0,0,1,0,No
4.54955,1,19,1,50000,0,0,0,0,1,0,No
81.281,1,37,1,78000,0,0,0,0,1,0,Yes
183.21342,1,9,1,127300,0,0,0,0,1,0,No
32.05281,1,57,0,35000,0,0,0,0,1,0,Yes
114.48239,1,11,0,400000,0,0,0,0,1,0,No
31.44818,1,65,0,80000,0,0,0,0,1,0,No
175.42313,1,1,1,360000,0,0,0,0,1,0,No
174.33947,1,25,1,300000,0,0,0,0,1,0,No
22.24004,1,1,1,165000,0,0,0,0,1,0,No
29.80762,1,29,0,185000,0,0,0,0,1,0,No
78.72605,1,13,1,210000,0,0,0,0,1,0,Yes
193.65407,1,12,1,330000,0,0,0,0,1,0,Yes
42.79774,1,32,1,200000,0,0,0,0,1,0,Yes
178.90602,1,13,1,850000,0,0,0,0,1,0,No
175.2729,1,8,0,280000,0,0,0,0,1,0,Yes
169.24159,1,3,1,145000,0,0,0,0,1,0,Yes
171.11156,1,4,1,265000,0,0,0,0,1,0,Yes
184.78892,1,5,1,220000,0,0,0,0,1,0,Yes
158.37673,1,10,0,110000,0,0,0,0,1,0,Yes
171.44901,1,1,1,117500,0,0,0,0,1,0,No
155.42999,1,2,1,300000,0,0,0,0,1,0,No
69.60698,1,3,1,210000,0,0,0,0,1,0,Yes
192.81274,1,19,1,367000,0,0,0,0,1,0,No
42.86915,0,25,0,154554,0,0,0,0,1,0,No
21.24494,1,10,0,150000,0,0,0,0,1,0,Yes
159.75208,1,2,1,500000,0,0,0,0,1,0,Yes
51.96573,1,16,0,98000,0,0,0,0,1,0,Yes
27.0116,1,6,0,120000,0,0,0,0,1,0,Yes
52.54593,1,21,1,175000,0,0,0,0,1,0,No
173.80569,1,46,0,250000,0,0,0,0,1,0,No
196.40879,1,2,1,1170000,0,0,0,0,1,0,Yes
138.6538,1,41,1,86500,0,0,0,0,1,0,Yes
109.59635,1,14,0,95000,0,0,0,0,1,0,No
182.72991,1,5,1,200000,0,0,0,0,1,0,Yes
163.85581,1,11,1,225000,0,0,0,0,1,0,No
90.10138,1,5,1,125000,0,0,0,0,1,0,No
18.68684,1,28,0,10000,0,0,0,0,1,0,No
2.54248,1,16,1,420000,0,0,0,0,1,0,No
188.31108,1,18,1,670000,0,0,0,0,1,0,Yes
181.87235,1,10,1,800000,0,0,0,0,1,0,Yes
25.5457,1,23,1,129000,0,0,0,0,1,0,Yes
2.90094,1,26,1,225000,0,0,0,0,1,0,Yes
167.62567,1,1,0,425000,0,0,0,0,1,0,No
155.42812,1,17,1,275000,0,0,0,0,1,0,No
186.82769,1,3,1,290000,0,0,0,0,1,0,Yes
2.49798,1,23,1,535000,0,0,0,0,1,0,Yes
6.22648,1,11,0,300000,0,0,0,0,1,0,No
110.67694,1,17,0,200000,0,0,0,0,1,0,No
12.07554,1,11,1,400000,0,0,0,0,1,0,No
179.86711,1,19,0,180000,0,0,0,0,1,0,Yes
33.14391,1,17,0,159000,0,0,0,0,1,0,Yes
128.72564,1,8,1,235000,0,0,0,0,1,0,Yes
176.39989,1,2,0,176183,0,0,0,0,1,0,Yes
161.62693,1,1,1,200000,0,0,0,0,1,0,No
8.50406,0,1,1,310000,0,0,0,0,1,0,Yes
35.92738,0,14,0,335000,0,0,0,0,1,0,No
121.33529,1,3,1,250000,0,0,0,0,1,0,Yes
157.24156,1,1,1,280000,0,0,0,0,1,0,Yes
3.78626,0,48,1,160000,0,0,0,0,1,0,Yes
20.78305,0,32,1,200000,0,0,0,0,1,0,Yes
6.32541,1,58,1,256000,0,0,0,0,1,0,No
39.40381,1,18,0,145000,0,0,0,0,1,0,Yes
149.17033,1,16,0,75000,0,0,0,0,1,0,Yes
21.47428,1,22,1,649000,0,0,0,0,1,0,No
116.07251,1,4,1,210000,0,0,0,0,1,0,Yes
7.31863,1,21,0,120000,0,0,0,0,1,0,Yes
162.17798,1,55,0,150000,0,0,0,0,1,0,No
103.61251,1,15,0,229000,0,0,0,0,1,0,Yes
180.54318,1,10,1,450000,0,0,0,0,1,0,No
0.57573,0,9,0,400000,0,0,0,0,1,0,Yes
25.32498,1,13,0,75000,0,0,0,0,1,0,Yes
106.67094,1,3,0,90000,0,0,0,0,1,0,Yes
109.42997,1,8,1,180000,0,0,0,0,1,0,Yes
181.22221,1,15,0,280000,0,0,0,0,1,0,Yes
180.30475,1,0,1,275000,0,0,0,0,1,0,Yes
19.16138,0,6,1,125000,0,0,0,0,1,0,No
181.17146,1,26,1,380000,0,0,0,0,1,0,Yes
154.64695,1,4,1,535000,0,0,0,0,1,0,No
175.26398,1,27,1,420000,0,0,0,0,1,0,No
95.53542,1,41,0,69559,0,0,0,0,1,0,No
32.25279,1,18,0,145000,0,0,0,0,1,0,Yes
7.61006,1,13,0,132000,0,0,0,0,1,0,No
26.55497,1,10,1,250000,0,0,0,0,1,0,Yes
130.80848,1,34,0,160000,0,0,0,0,1,0,Yes
166.59364,1,4,0,190000,0,0,0,0,1,0,No
57.84356,1,42,0,130000,0,0,0,0,1,0,No
180.81185,1,8,1,170000,0,0,0,0,1,0,Yes
163.52518,1,11,1,330000,0,0,0,0,1,0,Yes
183.21493,1,10,1,205000,0,0,0,0,1,0,No
135.24821,1,23,0,115000,0,0,0,0,1,0,No
181.79696,1,29,1,210000,0,0,0,0,1,0,No
172.26098,1,4,1,290000,0,0,0,0,1,0,Yes
181.43014,1,15,1,400000,0,0,0,0,1,0,Yes
71.29803,1,7,1,270000,0,0,0,0,1,0,No
89.54827,1,21,0,175000,0,0,0,0,1,0,Yes
182.24973,1,22,0,220000,0,0,0,0,1,0,No
164.22683,1,4,1,250000,0,0,0,0,1,0,Yes
7.42772,1,4,0,140000,0,0,0,0,1,0,Yes
21.99738,1,31,1,400000,0,0,0,0,1,0,Yes
169.64788,1,1,1,350000,0,0,0,0,1,0,Yes
163.89524,1,1,1,400000,0,0,0,0,1,0,No
38.51884,1,8,0,105900,0,0,0,0,1,0,Yes
169.06093,1,2,1,380000,0,0,0,0,1,0,Yes
18.38126,1,32,0,56000,0,0,0,0,1,0,Yes
174.13331,1,49,1,350000,0,0,0,0,1,0,Yes
172.54139,1,16,1,350000,0,0,0,0,1,0,Yes
178.70241,1,23,0,255000,0,0,0,0,1,0,No
166.27125,1,12,1,325000,0,0,0,0,1,0,Yes
3.43172,1,37,1,150000,0,0,0,0,1,0,Yes
85.55357,1,67,0,180000,0,0,0,0,1,0,No
75.37008,1,3,1,300000,0,0,0,0,1,0,Yes
44.80971,0,12,1,350000,0,0,0,0,1,0,No
72.54138,0,27,0,50000,0,0,0,0,1,0,No
5.67669,1,5,1,230000,0,0,0,0,1,0,Yes
7.91217,1,12,0,475000,0,0,0,0,1,0,Yes
6.25782,1,2,1,550000,0,0,0,0,1,0,No
175.99514,1,6,1,500000,0,0,0,0,1,0,No
164.25406,1,12,1,260000,0,0,0,0,1,0,Yes
5.29262,1,9,0,115000,0,0,0,0,1,0,Yes
189.45816,1,43,0,125000,0,0,0,0,1,0,No
43.4657,1,11,1,1600000,0,0,0,0,1,0,No
175.63596,1,2,1,850000,0,0,0,0,1,0,Yes
190.80767,1,22,1,475000,0,0,0,0,1,0,Yes
181.62326,1,18,0,300000,0,0,0,0,1,0,No
174.7052,1,8,1,98000,0,0,0,0,1,0,No
102.11848,1,16,1,210000,0,0,0,0,1,0,Yes
184.15764,1,4,1,325000,0,0,0,0,1,0,Yes
166.21007,1,5,1,135000,0,0,0,0,1,0,Yes
132.22131,1,4,0,140000,0,0,0,0,1,0,No
70.44687,1,26,0,149500,0,0,0,0,1,0,No
4.27901,1,7,1,345000,0,0,0,0,1,0,Yes
158.56985,1,10,1,200000,0,0,0,0,1,0,Yes
171.80177,1,2,1,518734,0,0,0,0,1,0,Yes
168.40337,1,5,0,200000,0,0,0,0,1,0,Yes
90.12112,1,12,0,325000,0,0,0,0,1,0,Yes
182.69491,1,7,1,550000,0,0,0,0,1,0,No
2.11689,1,6,0,360000,0,0,0,0,1,0,Yes
36.50932,1,36,1,180000,0,0,0,0,1,0,Yes
181.2311,1,10,1,310000,0,0,0,0,1,0,Yes
95.19864,1,7,1,300000,0,0,0,0,1,0,No
151.11732,1,26,0,76500,0,0,0,0,1,0,Yes
14.86679,1,6,1,124500,0,0,0,0,1,0,Yes
43.62949,1,9,1,350000,0,0,0,0,1,0,No
161.66765,1,6,1,190000,0,0,0,0,1,0,Yes
39.33463,1,24,0,80000,0,0,0,0,1,0,No
4.82861,1,7,1,200000,0,0,0,0,1,0,Yes
118.7018,1,14,1,220000,0,0,0,0,1,0,Yes
134.47442,1,3,1,300000,0,0,0,0,1,0,Yes
162.7535,1,1,1,650000,1,0,0,0,0,1,Yes
108.26378,1,14,0,30000,1,0,0,0,0,1,No
4.54955,1,19,1,50000,1,0,0,0,0,1,Yes
81.281,1,37,1,78000,1,0,0,0,0,1,Yes
183.21342,1,9,1,127300,1,0,0,0,0,1,Yes
32.05281,1,57,0,35000,1,0,0,0,0,1,Yes
114.48239,1,11,0,400000,1,0,0,0,0,1,Yes
31.44818,1,65,0,80000,1,0,0,0,0,1,No
175.42313,1,1,1,360000,1,0,0,0,0,1,Yes
174.33947,1,25,1,300000,1,0,0,0,0,1,Yes
22.24004,1,1,1,165000,1,0,0,0,0,1,Yes
29.80762,1,29,0,185000,1,0,0,0,0,1,Yes
78.72605,1,13,1,210000,1,0,0,0,0,1,Yes
193.65407,1,12,1,330000,1,0,0,0,0,1,Yes
42.79774,1,32,1,200000,1,0,0,0,0,1,Yes
178.90602,1,13,1,850000,1,0,0,0,0,1,Yes
175.2729,1,8,0,280000,1,0,0,0,0,1,Yes
169.24159,1,3,1,145000,1,0,0,0,0,1,Yes
171.11156,1,4,1,265000,1,0,0,0,0,1,Yes
184.78892,1,5,1,220000,1,0,0,0,0,1,Yes
158.37673,1,10,0,110000,1,0,0,0,0,1,Yes
171.44901,1,1,1,117500,1,0,0,0,0,1,Yes
155.42999,1,2,1,300000,1,0,0,0,0,1,Yes
69.60698,1,3,1,210000,1,0,0,0,0,1,Yes
192.81274,1,19,1,367000,1,0,0,0,0,1,Yes
42.86915,0,25,0,154554,1,0,0,0,0,1,Yes
21.24494,1,10,0,150000,1,0,0,0,0,1,Yes
159.75208,1,2,1,500000,1,0,0,0,0,1,Yes
51.96573,1,16,0,98000,1,0,0,0,0,1,Yes
27.0116,1,6,0,120000,1,0,0,0,0,1,Yes
52.54593,1,21,1,175000,1,0,0,0,0,1,No
173.80569,1,46,0,250000,1,0,0,0,0,1,Yes
196.40879,1,2,1,1170000,1,0,0,0,0,1,Yes
138.6538,1,41,1,86500,1,0,0,0,0,1,Yes
109.59635,1,14,0,95000,1,0,0,0,0,1,Yes
182.72991,1,5,1,200000,1,0,0,0,0,1,No
163.85581,1,11,1,225000,1,0,0,0,0,1,No
90.10138,1,5,1,125000,1,0,0,0,0,1,Yes
18.68684,1,28,0,10000,1,0,0,0,0,1,Yes
2.54248,1,16,1,420000,1,0,0,0,0,1,Yes
188.31108,1,18,1,670000,1,0,0,0,0,1,Yes
181.87235,1,10,1,800000,1,0,0,0,0,1,Yes
25.5457,1,23,1,129000,1,0,0,0,0,1,Yes
2.90094,1,26,1,225000,1,0,0,0,0,1,Yes
167.62567,1,1,0,425000,1,0,0,0,0,1,Yes
155.42812,1,17,1,275000,1,0,0,0,0,1,Yes
186.82769,1,3,1,290000,1,0,0,0,0,1,Yes
2.49798,1,23,1,535000,1,0,0,0,0,1,Yes
6.22648,1,11,0,300000,1,0,0,0,0,1,Yes
110.67694,1,17,0,200000,1,0,0,0,0,1,No
12.07554,1,11,1,400000,1,0,0,0,0,1,No
179.86711,1,19,0,180000,1,0,0,0,0,1,Yes
33.14391,1,17,0,159000,1,0,0,0,0,1,Yes
128.72564,1,8,1,235000,1,0,0,0,0,1,Yes
176.39989,1,2,0,176183,1,0,0,0,0,1,Yes
161.62693,1,1,1,200000,1,0,0,0,0,1,Yes
8.50406,0,1,1,310000,1,0,0,0,0,1,Yes
35.92738,0,14,0,335000,1,0,0,0,0,1,No
121.33529,1,3,1,250000,1,0,0,0,0,1,Yes
157.24156,1,1,1,280000,1,0,0,0,0,1,Yes
3.78626,0,48,1,160000,1,0,0,0,0,1,Yes
20.78305,0,32,1,200000,1,0,0,0,0,1,Yes
6.32541,1,58,1,256000,1,0,0,0,0,1,Yes
39.40381,1,18,0,145000,1,0,0,0,0,1,Yes
149.17033,1,16,0,75000,1,0,0,0,0,1,Yes
21.47428,1,22,1,649000,1,0,0,0,0,1,No
116.07251,1,4,1,210000,1,0,0,0,0,1,Yes
7.31863,1,21,0,120000,1,0,0,0,0,1,Yes
162.17798,1,55,0,150000,1,0,0,0,0,1,No
103.61251,1,15,0,229000,1,0,0,0,0,1,Yes
180.54318,1,10,1,450000,1,0,0,0,0,1,No
0.57573,0,9,0,400000,1,0,0,0,0,1,Yes
25.32498,1,13,0,75000,1,0,0,0,0,1,Yes
106.67094,1,3,0,90000,1,0,0,0,0,1,Yes
109.42997,1,8,1,180000,1,0,0,0,0,1,Yes
181.22221,1,15,0,280000,1,0,0,0,0,1,Yes
180.30475,1,0,1,275000,1,0,0,0,0,1,Yes
19.16138,0,6,1,125000,1,0,0,0,0,1,Yes
181.17146,1,26,1,380000,1,0,0,0,0,1,Yes
154.64695,1,4,1,535000,1,0,0,0,0,1,No
175.26398,1,27,1,420000,1,0,0,0,0,1,Yes
95.53542,1,41,0,69559,1,0,0,0,0,1,No
32.25279,1,18,0,145000,1,0,0,0,0,1,Yes
7.61006,1,13,0,132000,1,0,0,0,0,1,Yes
26.55497,1,10,1,250000,1,0,0,0,0,1,Yes
130.80848,1,34,0,160000,1,0,0,0,0,1,Yes
166.59364,1,4,0,190000,1,0,0,0,0,1,Yes
57.84356,1,42,0,130000,1,0,0,0,0,1,Yes
180.81185,1,8,1,170000,1,0,0,0,0,1,Yes
163.52518,1,11,1,330000,1,0,0,0,0,1,Yes
183.21493,1,10,1,205000,1,0,0,0,0,1,Yes
135.24821,1,23,0,115000,1,0,0,0,0,1,No
181.79696,1,29,1,210000,1,0,0,0,0,1,No
172.26098,1,4,1,290000,1,0,0,0,0,1,No
181.43014,1,15,1,400000,1,0,0,0,0,1,Yes
71.29803,1,7,1,270000,1,0,0,0,0,1,No
89.54827,1,21,0,175000,1,0,0,0,0,1,Yes
182.24973,1,22,0,220000,1,0,0,0,0,1,Yes
164.22683,1,4,1,250000,1,0,0,0,0,1,Yes
7.42772,1,4,0,140000,1,0,0,0,0,1,Yes
21.99738,1,31,1,400000,1,0,0,0,0,1,Yes
169.64788,1,1,1,350000,1,0,0,0,0,1,Yes
163.89524,1,1,1,400000,1,0,0,0,0,1,Yes
38.51884,1,8,0,105900,1,0,0,0,0,1,Yes
169.06093,1,2,1,380000,1,0,0,0,0,1,Yes
18.38126,1,32,0,56000,1,0,0,0,0,1,Yes
174.13331,1,49,1,350000,1,0,0,0,0,1,Yes
172.54139,1,16,1,350000,1,0,0,0,0,1,Yes
178.70241,1,23,0,255000,1,0,0,0,0,1,Yes
166.27125,1,12,1,325000,1,0,0,0,0,1,Yes
3.43172,1,37,1,150000,1,0,0,0,0,1,Yes
85.55357,1,67,0,180000,1,0,0,0,0,1,No
75.37008,1,3,1,300000,1,0,0,0,0,1,Yes
44.80971,0,12,1,350000,1,0,0,0,0,1,Yes
72.54138,0,27,0,50000,1,0,0,0,0,1,Yes
5.67669,1,5,1,230000,1,0,0,0,0,1,Yes
7.91217,1,12,0,475000,1,0,0,0,0,1,Yes
6.25782,1,2,1,550000,1,0,0,0,0,1,Yes
175.99514,1,6,1,500000,1,0,0,0,0,1,Yes
164.25406,1,12,1,260000,1,0,0,0,0,1,Yes
5.29262,1,9,0,115000,1,0,0,0,0,1,Yes
189.45816,1,43,0,125000,1,0,0,0,0,1,Yes
43.4657,1,11,1,1600000,1,0,0,0,0,1,No
175.63596,1,2,1,850000,1,0,0,0,0,1,Yes
190.80767,1,22,1,475000,1,0,0,0,0,1,Yes
181.62326,1,18,0,300000,1,0,0,0,0,1,No
174.7052,1,8,1,98000,1,0,0,0,0,1,Yes
102.11848,1,16,1,210000,1,0,0,0,0,1,Yes
184.15764,1,4,1,325000,1,0,0,0,0,1,Yes
166.21007,1,5,1,135000,1,0,0,0,0,1,Yes
132.22131,1,4,0,140000,1,0,0,0,0,1,Yes
70.44687,1,26,0,149500,1,0,0,0,0,1,Yes
4.27901,1,7,1,345000,1,0,0,0,0,1,Yes
158.56985,1,10,1,200000,1,0,0,0,0,1,Yes
171.80177,1,2,1,518734,1,0,0,0,0,1,Yes
168.40337,1,5,0,200000,1,0,0,0,0,1,Yes
90.12112,1,12,0,325000,1,0,0,0,0,1,Yes
182.69491,1,7,1,550000,1,0,0,0,0,1,Yes
2.11689,1,6,0,360000,1,0,0,0,0,1,Yes
36.50932,1,36,1,180000,1,0,0,0,0,1,Yes
181.2311,1,10,1,310000,1,0,0,0,0,1,Yes
95.19864,1,7,1,300000,1,0,0,0,0,1,Yes
151.11732,1,26,0,76500,1,0,0,0,0,1,Yes
14.86679,1,6,1,124500,1,0,0,0,0,1,Yes
43.62949,1,9,1,350000,1,0,0,0,0,1,No
161.66765,1,6,1,190000,1,0,0,0,0,1,Yes
39.33463,1,24,0,80000,1,0,0,0,0,1,No
4.82861,1,7,1,200000,1,0,0,0,0,1,Yes
118.7018,1,14,1,220000,1,0,0,0,0,1,Yes
134.47442,1,3,1,300000,1,0,0,0,0,1,Yes
162.7535,1,1,1,650000,0,0,0,0,0,1,Yes
108.26378,1,14,0,30000,0,0,0,0,0,1,No
4.54955,1,19,1,50000,0,0,0,0,0,1,Yes
81.281,1,37,1,78000,0,0,0,0,0,1,Yes
183.21342,1,9,1,127300,0,0,0,0,0,1,Yes
32.05281,1,57,0,35000,0,0,0,0,0,1,Yes
114.48239,1,11,0,400000,0,0,0,0,0,1,Yes
31.44818,1,65,0,80000,0,0,0,0,0,1,No
175.42313,1,1,1,360000,0,0,0,0,0,1,Yes
174.33947,1,25,1,300000,0,0,0,0,0,1,Yes
22.24004,1,1,1,165000,0,0,0,0,0,1,Yes
29.80762,1,29,0,185000,0,0,0,0,0,1,No
78.72605,1,13,1,210000,0,0,0,0,0,1,Yes
193.65407,1,12,1,330000,0,0,0,0,0,1,Yes
42.79774,1,32,1,200000,0,0,0,0,0,1,Yes
178.90602,1,13,1,850000,0,0,0,0,0,1,Yes
175.2729,1,8,0,280000,0,0,0,0,0,1,Yes
169.24159,1,3,1,145000,0,0,0,0,0,1,Yes
171.11156,1,4,1,265000,0,0,0,0,0,1,Yes
184.78892,1,5,1,220000,0,0,0,0,0,1,Yes
158.37673,1,10,0,110000,0,0,0,0,0,1,Yes
171.44901,1,1,1,117500,0,0,0,0,0,1,Yes
155.42999,1,2,1,300000,0,0,0,0,0,1,Yes
69.60698,1,3,1,210000,0,0,0,0,0,1,Yes
192.81274,1,19,1,367000,0,0,0,0,0,1,Yes
42.86915,0,25,0,154554,0,0,0,0,0,1,No
21.24494,1,10,0,150000,0,0,0,0,0,1,Yes
159.75208,1,2,1,500000,0,0,0,0,0,1,Yes
51.96573,1,16,0,98000,0,0,0,0,0,1,Yes
27.0116,1,6,0,120000,0,0,0,0,0,1,Yes
52.54593,1,21,1,175000,0,0,0,0,0,1,No
173.80569,1,46,0,250000,0,0,0,0,0,1,Yes
196.40879,1,2,1,1170000,0,0,0,0,0,1,Yes
138.6538,1,41,1,86500,0,0,0,0,0,1,Yes
109.59635,1,14,0,95000,0,0,0,0,0,1,Yes
182.72991,1,5,1,200000,0,0,0,0,0,1,Yes
163.85581,1,11,1,225000,0,0,0,0,0,1,Yes
90.10138,1,5,1,125000,0,0,0,0,0,1,No
18.68684,1,28,0,10000,0,0,0,0,0,1,Yes
2.54248,1,16,1,420000,0,0,0,0,0,1,Yes
188.31108,1,18,1,670000,0,0,0,0,0,1,Yes
181.87235,1,10,1,800000,0,0,0,0,0,1,Yes
25.5457,1,23,1,129000,0,0,0,0,0,1,Yes
2.90094,1,26,1,225000,0,0,0,0,0,1,Yes
167.62567,1,1,0,425000,0,0,0,0,0,1,Yes
155.42812,1,17,1,275000,0,0,0,0,0,1,Yes
186.82769,1,3,1,290000,0,0,0,0,0,1,Yes
2.49798,1,23,1,535000,0,0,0,0,0,1,Yes
6.22648,1,11,0,300000,0,0,0,0,0,1,Yes
110.67694,1,17,0,200000,0,0,0,0,0,1,No
12.07554,1,11,1,400000,0,0,0,0,0,1,No
179.86711,1,19,0,180000,0,0,0,0,0,1,Yes
33.14391,1,17,0,159000,0,0,0,0,0,1,Yes
128.72564,1,8,1,235000,0,0,0,0,0,1,Yes
176.39989,1,2,0,176183,0,0,0,0,0,1,Yes
161.62693,1,1,1,200000,0,0,0,0,0,1,No
8.50406,0,1,1,310000,0,0,0,0,0,1,Yes
35.92738,0,14,0,335000,0,0,0,0,0,1,No
121.33529,1,3,1,250000,0,0,0,0,0,1,Yes
157.24156,1,1,1,280000,0,0,0,0,0,1,Yes
3.78626,0,48,1,160000,0,0,0,0,0,1,Yes
20.78305,0,32,1,200000,0,0,0,0,0,1,Yes
6.32541,1,58,1,256000,0,0,0,0,0,1,No
39.40381,1,18,0,145000,0,0,0,0,0,1,Yes
149.17033,1,16,0,75000,0,0,0,0,0,1,Yes
21.47428,1,22,1,649000,0,0,0,0,0,1,Yes
116.07251,1,4,1,210000,0,0,0,0,0,1,Yes
7.31863,1,21,0,120000,0,0,0,0,0,1,Yes
162.17798,1,55,0,150000,0,0,0,0,0,1,No
103.61251,1,15,0,229000,0,0,0,0,0,1,Yes
180.54318,1,10,1,450000,0,0,0,0,0,1,No
0.57573,0,9,0,400000,0,0,0,0,0,1,Yes
25.32498,1,13,0,75000,0,0,0,0,0,1,Yes
106.67094,1,3,0,90000,0,0,0,0,0,1,Yes
109.42997,1,8,1,180000,0,0,0,0,0,1,Yes
181.22221,1,15,0,280000,0,0,0,0,0,1,Yes
180.30475,1,0,1,275000,0,0,0,0,0,1,Yes
19.16138,0,6,1,125000,0,0,0,0,0,1,No
181.17146,1,26,1,380000,0,0,0,0,0,1,Yes
154.64695,1,4,1,535000,0,0,0,0,0,1,No
175.26398,1,27,1,420000,0,0,0,0,0,1,No
95.53542,1,41,0,69559,0,0,0,0,0,1,No
32.25279,1,18,0,145000,0,0,0,0,0,1,Yes
7.61006,1,13,0,132000,0,0,0,0,0,1,No
26.55497,1,10,1,250000,0,0,0,0,0,1,Yes
130.80848,1,34,0,160000,0,0,0,0,0,1,Yes
166.59364,1,4,0,190000,0,0,0,0,0,1,No
57.84356,1,42,0,130000,0,0,0,0,0,1,No
180.81185,1,8,1,170000,0,0,0,0,0,1,Yes
163.52518,1,11,1,330000,0,0,0,0,0,1,Yes
183.21493,1,10,1,205000,0,0,0,0,0,1,Yes
135.24821,1,23,0,115000,0,0,0,0,0,1,No
181.79696,1,29,1,210000,0,0,0,0,0,1,No
172.26098,1,4,1,290000,0,0,0,0,0,1,Yes
181.43014,1,15,1,400000,0,0,0,0,0,1,Yes
71.29803,1,7,1,270000,0,0,0,0,0,1,No
89.54827,1,21,0,175000,0,0,0,0,0,1,Yes
182.24973,1,22,0,220000,0,0,0,0,0,1,Yes
164.22683,1,4,1,250000,0,0,0,0,0,1,Yes
7.42772,1,4,0,140000,0,0,0,0,0,1,Yes
21.99738,1,31,1,400000,0,0,0,0,0,1,Yes
169.64788,1,1,1,350000,0,0,0,0,0,1,Yes
163.89524,1,1,1,400000,0,0,0,0,0,1,Yes
38.51884,1,8,0,105900,0,0,0,0,0,1,Yes
169.06093,1,2,1,380000,0,0,0,0,0,1,Yes
18.38126,1,32,0,56000,0,0,0,0,0,1,Yes
174.13331,1,49,1,350000,0,0,0,0,0,1,Yes
172.54139,1,16,1,350000,0,0,0,0,0,1,Yes
178.70241,1,23,0,255000,0,0,0,0,0,1,Yes
166.27125,1,12,1,325000,0,0,0,0,0,1,Yes
3.43172,1,37,1,150000,0,0,0,0,0,1,Yes
85.55357,1,67,0,180000,0,0,0,0,0,1,No
75.37008,1,3,1,300000,0,0,0,0,0,1,Yes
44.80971,0,12,1,350000,0,0,0,0,0,1,No
72.54138,0,27,0,50000,0,0,0,0,0,1,Yes
5.67669,1,5,1,230000,0,0,0,0,0,1,Yes
7.91217,1,12,0,475000,0,0,0,0,0,1,Yes
6.25782,1,2,1,550000,0,0,0,0,0,1,No
175.99514,1,6,1,500000,0,0,0,0,0,1,Yes
164.25406,1,12,1,260000,0,0,0,0,0,1,Yes
5.29262,1,9,0,115000,0,0,0,0,0,1,Yes
189.45816,1,43,0,125000,0,0,0,0,0,1,Yes
43.4657,1,11,1,1600000,0,0,0,0,0,1,No
175.63596,1,2,1,850000,0,0,0,0,0,1,Yes
190.80767,1,22,1,475000,0,0,0,0,0,1,Yes
181.62326,1,18,0,300000,0,0,0,0,0,1,No
174.7052,1,8,1,98000,0,0,0,0,0,1,Yes
102.11848,1,16,1,210000,0,0,0,0,0,1,Yes
184.15764,1,4,1,325000,0,0,0,0,0,1,Yes
166.21007,1,5,1,135000,0,0,0,0,0,1,Yes
132.22131,1,4,0,140000,0,0,0,0,0,1,No
70.44687,1,26,0,149500,0,0,0,0,0,1,No
4.27901,1,7,1,345000,0,0,0,0,0,1,Yes
158.56985,1,10,1,200000,0,0,0,0,0,1,Yes
171.80177,1,2,1,518734,0,0,0,0,0,1,Yes
168.40337,1,5,0,200000,0,0,0,0,0,1,Yes
90.12112,1,12,0,325000,0,0,0,0,0,1,Yes
182.69491,1,7,1,550000,0,0,0,0,0,1,Yes
2.11689,1,6,0,360000,0,0,0,0,0,1,Yes
36.50932,1,36,1,180000,0,0,0,0,0,1,Yes
181.2311,1,10,1,310000,0,0,0,0,0,1,Yes
95.19864,1,7,1,300000,0,0,0,0,0,1,No
151.11732,1,26,0,76500,0,0,0,0,0,1,Yes
14.86679,1,6,1,124500,0,0,0,0,0,1,Yes
43.62949,1,9,1,350000,0,0,0,0,0,1,Yes
161.66765,1,6,1,190000,0,0,0,0,0,1,Yes
39.33463,1,24,0,80000,0,0,0,0,0,1,No
4.82861,1,7,1,200000,0,0,0,0,0,1,Yes
118.7018,1,14,1,220000,0,0,0,0,0,1,Yes
134.47442,1,3,1,300000,0,0,0,0,0,1,Yes
